url_length,has_sql_keyword,has_script,request_size,label,Prediction,Severity
234,1,1,3884,1,Attack,High
145,1,1,3962,1,Attack,High
307,1,0,2904,1,Attack,High
12,0,0,378,0,Benign,Low
15,0,0,186,0,Benign,Low
56,0,0,110,0,Benign,Low
74,0,0,484,0,Benign,Low
72,0,0,463,0,Benign,Low
23,0,0,257,0,Benign,Low
413,0,1,1464,1,Attack,High
25,0,0,429,0,Benign,Low
62,0,0,111,0,Benign,Low
58,0,0,325,0,Benign,Low
80,0,0,454,0,Benign,Low
16,0,0,262,0,Benign,Low
60,0,0,169,0,Benign,Low
11,0,0,420,0,Benign,Low
42,0,0,129,0,Benign,Low
223,1,0,1182,1,Attack,High
370,1,0,2650,1,Attack,High
157,0,0,575,1,Benign,Low
326,0,1,1156,1,Attack,High
56,0,0,287,0,Benign,Low
167,0,1,4584,1,Attack,High
63,0,0,394,0,Benign,Low
70,0,0,157,0,Benign,Low
212,0,0,3091,1,Attack,High
42,0,0,393,0,Benign,Low
44,0,0,366,0,Benign,Low
234,1,0,2473,1,Attack,High
67,0,0,287,0,Benign,Low
71,0,0,262,0,Benign,Low
26,0,0,252,0,Benign,Low
51,0,0,413,0,Benign,Low
390,1,1,3058,1,Attack,High
18,0,0,189,0,Benign,Low
270,1,1,967,1,Attack,High
51,0,0,317,0,Benign,Low
32,0,0,305,0,Benign,Low
54,0,0,492,0,Benign,Low
48,0,0,159,0,Benign,Low
65,0,0,323,0,Benign,Low
324,0,1,4098,1,Attack,High
77,0,0,340,0,Benign,Low
151,0,0,3101,1,Attack,High
485,0,1,4387,1,Attack,High
28,0,0,135,0,Benign,Low
54,0,0,450,0,Benign,Low
431,1,0,4917,1,Attack,High
22,0,0,265,0,Benign,Low
198,1,1,1266,1,Attack,High
78,0,0,414,0,Benign,Low
58,0,0,104,0,Benign,Low
54,0,0,172,0,Benign,Low
24,0,0,200,0,Benign,Low
320,0,0,3117,1,Attack,High
189,1,1,3130,1,Attack,High
11,0,0,491,0,Benign,Low
29,0,0,126,0,Benign,Low
31,0,0,161,0,Benign,Low
174,0,0,3177,1,Attack,High
71,0,0,434,0,Benign,Low
20,0,0,345,0,Benign,Low
33,0,0,275,0,Benign,Low
39,0,0,465,0,Benign,Low
63,0,0,2636,1,Attack,High
54,0,0,173,0,Benign,Low
77,0,0,349,0,Benign,Low
12,0,0,166,0,Benign,Low
20,0,0,254,0,Benign,Low
61,0,0,488,0,Benign,Low
21,0,0,150,0,Benign,Low
117,0,1,842,1,Attack,High
408,1,0,650,1,Attack,High
412,1,1,2041,1,Attack,High
28,0,0,499,0,Benign,Low
27,0,0,495,0,Benign,Low
35,0,0,354,0,Benign,Low
43,0,0,375,0,Benign,Low
15,0,0,281,0,Benign,Low
437,0,1,2536,1,Attack,High
96,1,0,4305,1,Attack,High
51,0,0,179,0,Benign,Low
14,0,0,450,0,Benign,Low
17,0,0,451,0,Benign,Low
414,1,0,4679,1,Attack,High
364,0,0,1369,1,Attack,High
53,0,0,227,0,Benign,Low
27,0,0,416,0,Benign,Low
51,0,0,498,0,Benign,Low
68,0,0,258,0,Benign,Low
186,1,0,2115,1,Attack,High
16,0,0,500,0,Benign,Low
10,0,0,427,0,Benign,Low
76,0,0,2631,1,Attack,High
31,0,0,249,0,Benign,Low
68,0,0,262,0,Benign,Low
46,0,0,456,0,Benign,Low
30,0,0,225,0,Benign,Low
14,0,0,363,0,Benign,Low
209,1,0,1793,1,Attack,High
330,1,0,4309,1,Attack,High
186,0,0,2031,1,Attack,High
193,1,1,4796,1,Attack,High
435,0,0,1195,1,Attack,High
11,0,0,282,0,Benign,Low
13,0,0,383,0,Benign,Low
337,1,1,3339,1,Attack,High
73,0,0,264,0,Benign,Low
416,0,1,868,1,Attack,High
64,0,0,333,0,Benign,Low
75,0,0,141,0,Benign,Low
78,0,0,981,1,Attack,High
53,0,0,350,0,Benign,Low
38,0,0,149,0,Benign,Low
30,0,0,296,0,Benign,Low
136,0,1,1273,1,Attack,High
149,0,1,1942,1,Attack,High
59,0,0,270,0,Benign,Low
59,0,0,424,0,Benign,Low
42,0,0,431,0,Benign,Low
74,0,0,329,0,Benign,Low
283,1,1,2081,1,Attack,High
61,0,0,194,0,Benign,Low
61,0,0,446,0,Benign,Low
34,0,0,324,0,Benign,Low
75,0,1,1516,1,Attack,High
32,0,0,219,0,Benign,Low
37,0,0,209,0,Benign,Low
444,0,0,3746,1,Attack,High
70,0,0,170,0,Benign,Low
28,0,0,326,0,Benign,Low
41,0,0,178,0,Benign,Low
45,0,0,135,0,Benign,Low
315,0,0,885,1,Attack,High
67,0,0,176,0,Benign,Low
29,0,0,452,0,Benign,Low
19,0,0,202,0,Benign,Low
224,1,1,3301,1,Attack,High
72,0,0,449,0,Benign,Low
69,0,0,111,0,Benign,Low
394,0,1,3908,1,Attack,High
32,0,0,358,0,Benign,Low
63,0,0,226,0,Benign,Low
159,0,0,1761,1,Attack,High
20,0,0,486,0,Benign,Low
14,0,0,425,0,Benign,Low
64,0,0,379,0,Benign,Low
237,1,0,1673,1,Attack,High
64,0,0,438,0,Benign,Low
115,0,0,2036,1,Attack,High
42,0,0,447,0,Benign,Low
52,0,0,440,0,Benign,Low
69,0,0,347,0,Benign,Low
31,0,0,495,0,Benign,Low
35,0,0,279,0,Benign,Low
52,0,0,139,0,Benign,Low
69,0,0,406,0,Benign,Low
78,0,0,255,0,Benign,Low
42,0,0,219,0,Benign,Low
80,0,0,434,0,Benign,Low
61,0,0,292,0,Benign,Low
446,0,1,4873,1,Attack,High
93,1,1,1622,1,Attack,High
80,0,0,213,0,Benign,Low
16,0,0,329,0,Benign,Low
77,0,0,413,0,Benign,Low
159,1,0,4698,1,Attack,High
52,0,0,421,0,Benign,Low
28,0,0,283,0,Benign,Low
387,0,0,1467,1,Attack,High
74,0,0,227,0,Benign,Low
11,0,0,171,0,Benign,Low
240,0,0,3384,1,Attack,High
277,1,0,3207,1,Attack,High
496,0,1,3910,1,Attack,High
57,0,0,116,0,Benign,Low
74,0,0,103,0,Benign,Low
82,0,0,3624,1,Attack,High
54,0,0,303,0,Benign,Low
19,0,0,353,0,Benign,Low
71,0,0,264,0,Benign,Low
14,0,0,408,0,Benign,Low
10,0,0,389,0,Benign,Low
136,1,0,745,1,Attack,High
61,0,0,161,0,Benign,Low
491,1,0,2649,1,Attack,High
423,0,1,2094,1,Attack,High
77,0,0,416,0,Benign,Low
53,0,0,321,0,Benign,Low
154,0,0,1790,1,Attack,High
71,0,0,225,0,Benign,Low
22,0,0,331,0,Benign,Low
28,0,0,139,0,Benign,Low
29,0,0,452,0,Benign,Low
66,0,0,183,0,Benign,Low
20,0,0,152,0,Benign,Low
60,0,0,304,0,Benign,Low
86,1,0,3910,1,Attack,High
80,0,0,173,0,Benign,Low
26,0,0,242,0,Benign,Low
15,0,0,154,0,Benign,Low
27,0,0,345,0,Benign,Low
11,0,0,264,0,Benign,Low
44,0,0,368,0,Benign,Low
77,0,0,207,0,Benign,Low
37,0,0,417,0,Benign,Low
15,0,0,130,0,Benign,Low
11,0,0,162,0,Benign,Low
50,0,0,312,0,Benign,Low
66,0,0,178,0,Benign,Low
321,0,0,1494,1,Attack,High
17,0,0,308,0,Benign,Low
25,0,0,380,0,Benign,Low
308,0,0,4564,1,Attack,High
235,1,1,3189,1,Attack,High
10,0,0,156,0,Benign,Low
62,0,0,274,0,Benign,Low
40,0,0,429,0,Benign,Low
32,0,0,237,0,Benign,Low
18,0,0,171,0,Benign,Low
32,0,0,105,0,Benign,Low
73,0,0,162,0,Benign,Low
384,1,1,1979,1,Attack,High
152,1,0,4815,1,Attack,High
21,0,0,331,0,Benign,Low
27,0,0,297,0,Benign,Low
25,0,0,178,0,Benign,Low
39,0,0,494,0,Benign,Low
14,0,0,412,0,Benign,Low
86,0,0,2371,1,Attack,High
274,1,1,4287,1,Attack,High
409,0,1,3036,1,Attack,High
62,0,0,379,0,Benign,Low
21,0,0,482,0,Benign,Low
67,0,0,474,0,Benign,Low
28,0,0,159,0,Benign,Low
15,0,0,400,0,Benign,Low
44,0,0,353,0,Benign,Low
66,0,0,338,0,Benign,Low
22,0,0,117,0,Benign,Low
26,0,0,391,0,Benign,Low
63,0,0,429,0,Benign,Low
48,0,0,116,0,Benign,Low
64,0,0,305,0,Benign,Low
320,1,0,4206,1,Attack,High
51,0,0,114,0,Benign,Low
84,1,0,4315,1,Attack,High
40,0,0,124,0,Benign,Low
18,0,0,403,0,Benign,Low
369,0,0,2693,1,Attack,High
32,0,0,389,0,Benign,Low
40,0,0,344,0,Benign,Low
75,0,0,482,0,Benign,Low
49,0,0,369,0,Benign,Low
406,0,0,3096,1,Attack,High
28,0,0,188,0,Benign,Low
202,1,0,667,1,Attack,High
16,0,0,212,0,Benign,Low
26,0,0,455,0,Benign,Low
11,0,0,115,0,Benign,Low
60,0,0,212,0,Benign,Low
64,0,0,321,0,Benign,Low
234,0,0,4264,1,Attack,High
290,0,0,4795,1,Attack,High
72,0,0,207,0,Benign,Low
32,0,0,429,0,Benign,Low
78,0,0,184,0,Benign,Low
279,1,1,4971,1,Attack,High
60,1,0,4706,1,Benign,Low
269,0,0,3604,1,Attack,High
18,0,0,133,0,Benign,Low
14,0,0,268,0,Benign,Low
12,0,0,494,0,Benign,Low
203,0,0,4747,1,Attack,High
224,0,1,2323,1,Attack,High
127,0,0,3422,1,Attack,High
65,0,0,262,0,Benign,Low
58,0,0,410,0,Benign,Low
69,0,0,372,0,Benign,Low
77,0,1,2190,1,Attack,High
64,0,0,150,0,Benign,Low
161,0,0,4307,1,Attack,High
469,0,1,870,1,Attack,High
41,0,0,278,0,Benign,Low
40,0,0,175,0,Benign,Low
444,1,1,1999,1,Attack,High
410,0,0,1666,1,Attack,High
222,0,0,3097,1,Attack,High
52,0,0,316,0,Benign,Low
28,0,0,309,0,Benign,Low
474,1,1,4835,1,Attack,High
73,0,0,271,0,Benign,Low
28,0,0,146,0,Benign,Low
31,0,0,460,0,Benign,Low
25,0,0,292,0,Benign,Low
101,1,0,3030,1,Attack,High
73,0,0,450,0,Benign,Low
48,0,0,341,0,Benign,Low
24,0,0,293,0,Benign,Low
53,0,0,173,0,Benign,Low
115,1,0,4543,1,Attack,High
47,0,0,120,0,Benign,Low
57,0,0,442,0,Benign,Low
65,0,0,132,0,Benign,Low
43,0,0,385,0,Benign,Low
166,0,1,1603,1,Attack,High
244,0,0,4717,1,Attack,High
21,0,0,118,0,Benign,Low
312,1,1,1125,1,Attack,High
12,0,0,290,0,Benign,Low
35,0,0,314,0,Benign,Low
60,0,0,4580,1,Benign,Low
51,0,0,128,0,Benign,Low
54,0,0,474,0,Benign,Low
46,0,0,135,0,Benign,Low
46,0,0,387,0,Benign,Low
71,0,0,348,0,Benign,Low
19,0,0,361,0,Benign,Low
13,0,0,210,0,Benign,Low
341,0,0,601,1,Attack,High
53,0,0,461,0,Benign,Low
42,0,0,489,0,Benign,Low
72,0,0,220,0,Benign,Low
61,0,0,438,0,Benign,Low
70,0,0,435,0,Benign,Low
76,0,0,139,0,Benign,Low
351,1,0,1028,1,Attack,High
44,0,0,249,0,Benign,Low
65,0,0,110,0,Benign,Low
65,0,0,115,0,Benign,Low
49,0,0,322,0,Benign,Low
179,1,1,3127,1,Attack,High
224,0,1,4279,1,Attack,High
337,1,1,3321,1,Attack,High
486,1,1,4458,1,Attack,High
78,0,0,141,0,Benign,Low
14,0,0,181,0,Benign,Low
295,0,0,2194,1,Attack,High
487,0,0,957,1,Attack,High
70,0,0,135,0,Benign,Low
73,0,0,417,0,Benign,Low
13,0,0,135,0,Benign,Low
45,0,0,225,0,Benign,Low
78,0,0,491,0,Benign,Low
17,0,0,174,0,Benign,Low
62,0,0,3173,1,Benign,Low
138,1,1,2756,1,Attack,High
448,0,1,1166,1,Attack,High
41,0,0,186,0,Benign,Low
38,0,0,290,0,Benign,Low
119,0,0,3404,1,Attack,High
77,0,1,4512,1,Attack,High
497,0,0,2662,1,Attack,High
410,0,1,3264,1,Attack,High
45,0,0,440,0,Benign,Low
67,0,0,280,0,Benign,Low
448,0,1,4261,1,Attack,High
189,0,0,4798,1,Attack,High
51,0,0,305,0,Benign,Low
151,1,1,1592,1,Attack,High
30,0,0,500,0,Benign,Low
26,0,0,446,0,Benign,Low
66,0,0,250,0,Benign,Low
461,1,0,4714,1,Attack,High
22,0,0,286,0,Benign,Low
56,0,0,187,0,Benign,Low
366,1,1,2277,1,Attack,High
32,0,0,433,0,Benign,Low
67,0,0,183,0,Benign,Low
21,0,0,218,0,Benign,Low
141,1,1,4347,1,Attack,High
212,1,1,2376,1,Attack,High
126,1,1,1775,1,Attack,High
30,0,0,337,0,Benign,Low
76,0,0,334,0,Benign,Low
14,0,0,361,0,Benign,Low
46,0,0,333,0,Benign,Low
362,1,1,3382,1,Attack,High
68,0,0,181,0,Benign,Low
52,0,0,342,0,Benign,Low
353,1,1,1523,1,Attack,High
21,0,0,146,0,Benign,Low
36,0,0,414,0,Benign,Low
35,0,0,185,0,Benign,Low
35,0,0,180,0,Benign,Low
37,0,0,475,0,Benign,Low
80,0,0,172,0,Benign,Low
11,0,0,249,0,Benign,Low
46,0,0,137,0,Benign,Low
13,0,0,423,0,Benign,Low
77,0,0,228,0,Benign,Low
49,0,0,320,0,Benign,Low
40,0,0,252,0,Benign,Low
46,0,0,452,0,Benign,Low
57,0,0,441,0,Benign,Low
37,0,0,168,0,Benign,Low
27,0,0,282,0,Benign,Low
54,0,0,493,0,Benign,Low
34,0,0,152,0,Benign,Low
12,0,0,255,0,Benign,Low
10,0,0,113,0,Benign,Low
46,0,0,463,0,Benign,Low
19,0,0,106,0,Benign,Low
63,0,0,128,0,Benign,Low
212,1,1,2585,1,Attack,High
28,0,0,313,0,Benign,Low
55,0,0,363,0,Benign,Low
75,0,0,179,0,Benign,Low
53,0,0,435,0,Benign,Low
491,1,0,666,1,Attack,High
57,0,0,459,0,Benign,Low
61,0,0,471,0,Benign,Low
11,0,0,441,0,Benign,Low
57,0,0,225,0,Benign,Low
25,0,0,100,0,Benign,Low
435,1,0,4111,1,Attack,High
394,0,1,3543,1,Attack,High
15,0,0,244,0,Benign,Low
344,1,1,540,1,Attack,High
381,0,0,559,1,Benign,Low
317,0,1,602,1,Attack,High
32,0,0,175,0,Benign,Low
36,0,0,279,0,Benign,Low
74,0,0,128,0,Benign,Low
27,0,0,443,0,Benign,Low
54,0,0,411,0,Benign,Low
13,0,0,181,0,Benign,Low
42,0,0,382,0,Benign,Low
31,0,0,339,0,Benign,Low
363,1,1,3479,1,Attack,High
230,1,1,1796,1,Attack,High
34,0,0,323,0,Benign,Low
416,1,0,4155,1,Attack,High
18,0,0,103,0,Benign,Low
46,0,0,180,0,Benign,Low
59,0,0,444,0,Benign,Low
42,0,0,486,0,Benign,Low
27,0,0,470,0,Benign,Low
78,0,0,329,0,Benign,Low
16,0,0,415,0,Benign,Low
63,0,0,411,0,Benign,Low
70,0,0,437,0,Benign,Low
53,0,0,479,0,Benign,Low
53,0,0,448,0,Benign,Low
14,0,0,293,0,Benign,Low
47,0,0,179,0,Benign,Low
51,0,0,277,0,Benign,Low
430,1,0,3391,1,Attack,High
66,0,0,152,0,Benign,Low
72,0,0,411,0,Benign,Low
284,0,1,3985,1,Attack,High
11,0,0,362,0,Benign,Low
32,0,0,304,0,Benign,Low
422,0,1,4866,1,Attack,High
267,0,1,3481,1,Attack,High
332,1,1,1045,1,Attack,High
32,0,0,338,0,Benign,Low
31,0,0,492,0,Benign,Low
56,0,0,441,0,Benign,Low
65,0,0,469,0,Benign,Low
47,0,0,291,0,Benign,Low
24,0,0,131,0,Benign,Low
63,0,0,167,0,Benign,Low
69,0,0,110,0,Benign,Low
22,0,0,304,0,Benign,Low
296,0,0,2717,1,Attack,High
57,0,0,4528,1,Benign,Low
21,0,0,312,0,Benign,Low
50,0,0,138,0,Benign,Low
29,0,0,347,0,Benign,Low
358,0,0,4774,1,Attack,High
28,0,0,405,0,Benign,Low
54,0,0,479,0,Benign,Low
55,0,0,315,0,Benign,Low
342,0,1,2366,1,Attack,High
28,0,0,270,0,Benign,Low
13,0,0,474,0,Benign,Low
50,0,0,406,0,Benign,Low
61,0,0,247,0,Benign,Low
231,1,1,2867,1,Attack,High
77,0,0,432,0,Benign,Low
79,0,0,482,0,Benign,Low
19,0,0,489,0,Benign,Low
140,0,1,2313,1,Attack,High
369,1,1,2141,1,Attack,High
19,0,0,391,0,Benign,Low
65,0,0,467,0,Benign,Low
385,1,1,3620,1,Attack,High
13,0,0,139,0,Benign,Low
287,0,0,2177,1,Attack,High
41,0,0,195,0,Benign,Low
80,0,0,418,0,Benign,Low
51,0,0,433,0,Benign,Low
71,0,0,198,0,Benign,Low
469,1,0,4832,1,Attack,High
38,0,0,311,0,Benign,Low
328,0,0,4802,1,Attack,High
63,0,0,466,0,Benign,Low
75,0,0,489,0,Benign,Low
19,0,0,265,0,Benign,Low
56,0,0,431,0,Benign,Low
309,1,0,3478,1,Attack,High
384,0,1,2388,1,Attack,High
433,0,1,4142,1,Attack,High
49,0,0,187,0,Benign,Low
16,0,0,183,0,Benign,Low
57,0,0,370,0,Benign,Low
41,0,0,431,0,Benign,Low
10,0,0,360,0,Benign,Low
12,0,0,267,0,Benign,Low
13,0,0,104,0,Benign,Low
419,0,0,2550,1,Attack,High
307,0,0,1798,1,Attack,High
350,1,1,2793,1,Attack,High
42,0,0,378,0,Benign,Low
46,0,0,335,0,Benign,Low
39,0,0,462,0,Benign,Low
25,0,0,396,0,Benign,Low
55,0,0,266,0,Benign,Low
34,0,0,420,0,Benign,Low
67,0,0,134,0,Benign,Low
68,0,0,486,0,Benign,Low
54,0,0,265,0,Benign,Low
77,0,0,182,0,Benign,Low
41,0,0,134,0,Benign,Low
190,1,1,1623,1,Attack,High
30,0,0,142,0,Benign,Low
71,0,0,397,0,Benign,Low
23,0,0,429,0,Benign,Low
11,0,0,479,0,Benign,Low
35,0,0,294,0,Benign,Low
49,0,0,412,0,Benign,Low
10,0,0,309,0,Benign,Low
210,1,0,652,1,Attack,High
62,0,0,393,0,Benign,Low
80,0,0,385,0,Benign,Low
51,0,0,228,0,Benign,Low
34,0,0,120,0,Benign,Low
77,0,0,259,0,Benign,Low
62,0,0,231,0,Benign,Low
67,0,0,431,0,Benign,Low
70,0,0,162,0,Benign,Low
14,0,0,482,0,Benign,Low
76,0,0,283,0,Benign,Low
28,0,0,423,0,Benign,Low
50,0,0,138,0,Benign,Low
43,0,0,378,0,Benign,Low
30,0,0,124,0,Benign,Low
395,0,1,1403,1,Attack,High
53,0,0,171,0,Benign,Low
29,0,0,195,0,Benign,Low
69,0,0,292,0,Benign,Low
85,0,1,2214,1,Attack,High
444,0,1,1520,1,Attack,High
341,1,0,2185,1,Attack,High
251,1,0,1731,1,Attack,High
48,0,0,278,0,Benign,Low
80,0,0,217,0,Benign,Low
39,0,0,342,0,Benign,Low
57,0,0,315,0,Benign,Low
11,0,0,301,0,Benign,Low
187,1,1,2006,1,Attack,High
333,1,0,2283,1,Attack,High
10,0,0,448,0,Benign,Low
54,0,0,107,0,Benign,Low
70,0,0,244,0,Benign,Low
72,0,0,481,0,Benign,Low
156,0,0,4881,1,Attack,High
28,0,0,371,0,Benign,Low
15,0,0,300,0,Benign,Low
373,1,0,3123,1,Attack,High
73,0,0,310,0,Benign,Low
370,1,0,3108,1,Attack,High
69,0,0,210,0,Benign,Low
62,0,0,114,0,Benign,Low
29,0,0,452,0,Benign,Low
48,0,0,358,0,Benign,Low
76,0,0,327,0,Benign,Low
58,0,0,267,0,Benign,Low
332,0,1,4751,1,Attack,High
16,0,0,360,0,Benign,Low
76,0,0,103,0,Benign,Low
33,0,0,499,0,Benign,Low
64,0,0,472,0,Benign,Low
74,0,0,450,0,Benign,Low
12,0,0,340,0,Benign,Low
77,0,0,410,0,Benign,Low
80,0,1,1802,1,Attack,High
43,0,0,233,0,Benign,Low
40,0,0,180,0,Benign,Low
79,0,0,182,0,Benign,Low
49,0,0,333,0,Benign,Low
74,0,0,153,0,Benign,Low
127,1,0,4359,1,Attack,High
321,1,0,2396,1,Attack,High
196,0,1,1303,1,Attack,High
67,0,0,408,0,Benign,Low
141,1,1,4651,1,Attack,High
24,0,0,448,0,Benign,Low
23,0,0,261,0,Benign,Low
160,0,1,4291,1,Attack,High
67,0,0,386,0,Benign,Low
40,0,0,180,0,Benign,Low
30,0,0,298,0,Benign,Low
18,0,0,466,0,Benign,Low
65,0,0,121,0,Benign,Low
12,0,0,294,0,Benign,Low
36,0,0,317,0,Benign,Low
58,0,0,181,0,Benign,Low
434,0,1,4909,1,Attack,High
52,1,1,2168,1,Attack,High
72,0,0,101,0,Benign,Low
61,1,0,2490,1,Benign,Low
336,0,1,527,1,Attack,High
299,0,0,1330,1,Attack,High
10,0,0,258,0,Benign,Low
27,0,0,197,0,Benign,Low
15,0,0,230,0,Benign,Low
87,0,1,2849,1,Attack,High
13,0,0,207,0,Benign,Low
42,0,0,307,0,Benign,Low
192,0,0,1041,1,Attack,High
70,0,0,113,0,Benign,Low
73,0,0,274,0,Benign,Low
79,0,0,302,0,Benign,Low
478,1,1,3070,1,Attack,High
359,0,1,2995,1,Attack,High
62,0,0,302,0,Benign,Low
126,1,0,4251,1,Attack,High
24,0,0,191,0,Benign,Low
44,0,0,490,0,Benign,Low
35,0,0,430,0,Benign,Low
70,0,0,400,0,Benign,Low
366,1,1,935,1,Attack,High
35,0,0,303,0,Benign,Low
335,0,0,2909,1,Attack,High
284,0,1,515,1,Attack,High
45,0,0,117,0,Benign,Low
18,0,0,476,0,Benign,Low
61,0,0,133,0,Benign,Low
14,0,0,175,0,Benign,Low
451,1,1,3710,1,Attack,High
281,0,1,2060,1,Attack,High
259,1,1,2661,1,Attack,High
62,0,0,256,0,Benign,Low
350,1,0,4982,1,Attack,High
18,0,0,165,0,Benign,Low
62,0,1,4010,1,Attack,High
16,0,0,386,0,Benign,Low
106,1,0,2579,1,Attack,High
40,0,0,287,0,Benign,Low
178,1,1,1711,1,Attack,High
24,0,0,171,0,Benign,Low
38,0,0,488,0,Benign,Low
14,0,0,113,0,Benign,Low
32,0,0,488,0,Benign,Low
51,0,0,301,0,Benign,Low
30,0,0,281,0,Benign,Low
260,1,1,2120,1,Attack,High
73,0,0,463,0,Benign,Low
21,0,0,215,0,Benign,Low
51,0,0,123,0,Benign,Low
36,0,0,425,0,Benign,Low
370,1,1,736,1,Attack,High
19,0,0,332,0,Benign,Low
338,0,1,906,1,Attack,High
41,0,0,399,0,Benign,Low
62,0,0,289,0,Benign,Low
304,1,1,4872,1,Attack,High
226,0,1,1843,1,Attack,High
39,0,0,437,0,Benign,Low
23,0,0,419,0,Benign,Low
15,0,0,364,0,Benign,Low
240,1,0,941,1,Attack,High
54,0,0,139,0,Benign,Low
53,0,0,490,0,Benign,Low
87,1,1,3758,1,Attack,High
291,1,1,1992,1,Attack,High
427,1,0,4709,1,Attack,High
74,0,0,132,0,Benign,Low
72,0,0,338,0,Benign,Low
54,0,0,240,0,Benign,Low
53,0,0,500,0,Benign,Low
79,0,0,476,0,Benign,Low
245,0,1,4429,1,Attack,High
70,0,0,471,0,Benign,Low
70,0,0,422,0,Benign,Low
398,0,0,2875,1,Attack,High
57,0,0,372,0,Benign,Low
57,0,0,262,0,Benign,Low
54,0,0,423,0,Benign,Low
78,0,1,4607,1,Attack,High
28,0,0,320,0,Benign,Low
77,0,0,213,0,Benign,Low
32,0,0,422,0,Benign,Low
35,0,0,401,0,Benign,Low
445,1,1,3151,1,Attack,High
294,0,0,1640,1,Attack,High
13,0,0,152,0,Benign,Low
16,0,0,286,0,Benign,Low
77,0,0,308,0,Benign,Low
72,0,0,433,0,Benign,Low
71,0,0,316,0,Benign,Low
79,0,0,455,0,Benign,Low
27,0,0,374,0,Benign,Low
152,0,0,4783,1,Attack,High
22,0,0,346,0,Benign,Low
73,0,0,193,0,Benign,Low
496,0,0,592,1,Benign,Low
80,0,0,267,0,Benign,Low
29,0,0,125,0,Benign,Low
66,0,0,303,0,Benign,Low
200,0,0,1608,1,Attack,High
45,0,0,182,0,Benign,Low
60,0,0,197,0,Benign,Low
78,0,0,297,0,Benign,Low
16,0,0,343,0,Benign,Low
73,0,0,227,0,Benign,Low
159,0,1,4138,1,Attack,High
17,0,0,212,0,Benign,Low
10,0,0,209,0,Benign,Low
34,0,0,486,0,Benign,Low
44,0,0,453,0,Benign,Low
67,0,0,389,0,Benign,Low
49,0,0,158,0,Benign,Low
97,1,1,3999,1,Attack,High
305,1,0,577,1,Benign,Low
21,0,0,436,0,Benign,Low
56,0,0,179,0,Benign,Low
239,1,1,1408,1,Attack,High
69,0,0,178,0,Benign,Low
16,0,0,246,0,Benign,Low
43,0,0,225,0,Benign,Low
342,1,0,1402,1,Attack,High
74,0,0,234,0,Benign,Low
356,0,1,3042,1,Attack,High
87,1,0,1241,1,Attack,High
40,0,0,153,0,Benign,Low
68,0,0,499,0,Benign,Low
169,1,1,2463,1,Attack,High
56,0,0,462,0,Benign,Low
29,0,0,471,0,Benign,Low
26,0,0,372,0,Benign,Low
293,0,0,2980,1,Attack,High
78,0,0,251,0,Benign,Low
52,0,0,129,0,Benign,Low
408,0,0,923,1,Attack,High
58,0,0,377,0,Benign,Low
21,0,0,450,0,Benign,Low
58,0,0,336,0,Benign,Low
50,0,0,441,0,Benign,Low
68,0,0,484,0,Benign,Low
15,0,0,218,0,Benign,Low
47,0,0,227,0,Benign,Low
32,0,0,362,0,Benign,Low
68,0,0,473,0,Benign,Low
356,0,0,3363,1,Attack,High
71,0,0,118,0,Benign,Low
69,0,0,438,0,Benign,Low
106,0,1,1642,1,Attack,High
68,0,0,301,0,Benign,Low
34,0,0,188,0,Benign,Low
46,0,0,242,0,Benign,Low
45,0,0,296,0,Benign,Low
24,0,0,216,0,Benign,Low
243,1,0,2571,1,Attack,High
21,0,0,473,0,Benign,Low
32,0,0,483,0,Benign,Low
15,0,0,211,0,Benign,Low
57,0,0,189,0,Benign,Low
68,0,0,228,0,Benign,Low
61,0,0,397,0,Benign,Low
183,0,1,2628,1,Attack,High
41,0,0,352,0,Benign,Low
34,0,0,225,0,Benign,Low
62,0,0,246,0,Benign,Low
39,0,0,172,0,Benign,Low
37,0,0,267,0,Benign,Low
66,0,0,458,0,Benign,Low
42,0,0,289,0,Benign,Low
66,0,0,438,0,Benign,Low
67,0,0,348,0,Benign,Low
32,0,0,245,0,Benign,Low
55,1,1,3098,1,Attack,High
54,0,0,174,0,Benign,Low
16,0,0,262,0,Benign,Low
390,0,0,3340,1,Attack,High
96,0,1,1283,1,Attack,High
76,0,0,314,0,Benign,Low
33,0,0,175,0,Benign,Low
14,0,0,287,0,Benign,Low
222,0,0,737,1,Attack,High
68,0,0,360,0,Benign,Low
389,0,1,4939,1,Attack,High
69,0,0,205,0,Benign,Low
74,0,0,195,0,Benign,Low
393,0,1,2842,1,Attack,High
60,0,0,398,0,Benign,Low
80,0,0,369,0,Benign,Low
14,0,0,239,0,Benign,Low
37,0,0,431,0,Benign,Low
33,0,0,409,0,Benign,Low
79,0,0,423,0,Benign,Low
46,0,0,298,0,Benign,Low
26,0,0,327,0,Benign,Low
55,0,0,3335,1,Benign,Low
71,0,0,402,0,Benign,Low
62,0,0,262,0,Benign,Low
12,0,0,167,0,Benign,Low
18,0,0,294,0,Benign,Low
175,1,0,791,1,Attack,High
65,0,0,127,0,Benign,Low
54,0,0,157,0,Benign,Low
19,0,0,311,0,Benign,Low
107,1,0,4463,1,Attack,High
61,0,0,139,0,Benign,Low
52,0,0,213,0,Benign,Low
80,0,1,1762,1,Attack,High
10,0,0,282,0,Benign,Low
213,0,1,4481,1,Attack,High
16,0,0,476,0,Benign,Low
287,0,1,3998,1,Attack,High
42,0,0,327,0,Benign,Low
42,0,0,259,0,Benign,Low
56,0,0,208,0,Benign,Low
157,1,1,3959,1,Attack,High
43,0,0,289,0,Benign,Low
211,0,1,4853,1,Attack,High
46,0,0,322,0,Benign,Low
46,0,0,369,0,Benign,Low
49,0,0,124,0,Benign,Low
323,1,1,1422,1,Attack,High
220,1,0,4544,1,Attack,High
303,0,1,4962,1,Attack,High
11,0,0,355,0,Benign,Low
487,1,1,1762,1,Attack,High
30,0,0,463,0,Benign,Low
70,0,0,437,0,Benign,Low
333,1,0,3540,1,Attack,High
404,0,1,1369,1,Attack,High
361,0,1,2199,1,Attack,High
20,0,0,295,0,Benign,Low
12,0,0,249,0,Benign,Low
67,0,0,426,0,Benign,Low
74,0,0,352,0,Benign,Low
447,1,0,1790,1,Attack,High
205,1,1,4524,1,Attack,High
76,0,0,119,0,Benign,Low
62,0,0,414,0,Benign,Low
201,1,0,3994,1,Attack,High
489,1,0,3650,1,Attack,High
50,0,0,103,0,Benign,Low
10,0,0,456,0,Benign,Low
26,0,0,151,0,Benign,Low
14,0,0,320,0,Benign,Low
32,0,0,152,0,Benign,Low
57,0,0,223,0,Benign,Low
72,0,0,400,0,Benign,Low
30,0,0,388,0,Benign,Low
27,0,0,231,0,Benign,Low
55,0,0,231,0,Benign,Low
16,0,0,182,0,Benign,Low
25,0,0,456,0,Benign,Low
409,1,0,4758,1,Attack,High
49,0,0,118,0,Benign,Low
458,1,1,4405,1,Attack,High
40,0,0,494,0,Benign,Low
12,0,0,414,0,Benign,Low
64,0,0,101,0,Benign,Low
45,0,0,475,0,Benign,Low
193,0,0,4810,1,Attack,High
73,0,0,122,0,Benign,Low
78,0,0,372,0,Benign,Low
44,0,0,279,0,Benign,Low
59,0,0,329,0,Benign,Low
490,1,1,2970,1,Attack,High
43,0,0,324,0,Benign,Low
32,0,0,218,0,Benign,Low
28,0,0,470,0,Benign,Low
13,0,0,381,0,Benign,Low
13,0,0,160,0,Benign,Low
306,1,1,1815,1,Attack,High
197,1,0,2441,1,Attack,High
17,0,0,267,0,Benign,Low
64,0,0,323,0,Benign,Low
76,0,0,341,0,Benign,Low
76,0,0,287,0,Benign,Low
15,0,0,138,0,Benign,Low
36,0,0,415,0,Benign,Low
15,0,0,237,0,Benign,Low
55,0,0,206,0,Benign,Low
44,0,0,114,0,Benign,Low
52,0,0,320,0,Benign,Low
47,0,0,348,0,Benign,Low
67,0,0,336,0,Benign,Low
225,0,0,1890,1,Attack,High
36,0,0,191,0,Benign,Low
366,0,0,2199,1,Attack,High
14,0,0,133,0,Benign,Low
416,1,1,3763,1,Attack,High
332,1,1,3944,1,Attack,High
39,0,0,480,0,Benign,Low
44,0,0,186,0,Benign,Low
387,0,0,4224,1,Attack,High
61,0,0,452,0,Benign,Low
54,0,0,397,0,Benign,Low
17,0,0,499,0,Benign,Low
62,0,0,147,0,Benign,Low
308,1,0,1216,1,Attack,High
70,0,0,261,0,Benign,Low
68,1,1,3959,1,Attack,High
37,0,0,220,0,Benign,Low
43,0,0,254,0,Benign,Low
78,0,0,422,0,Benign,Low
29,0,0,223,0,Benign,Low
16,0,0,177,0,Benign,Low
13,0,0,357,0,Benign,Low
39,0,0,122,0,Benign,Low
60,0,0,167,0,Benign,Low
39,0,0,445,0,Benign,Low
388,0,0,4460,1,Attack,High
48,0,0,343,0,Benign,Low
306,0,0,4167,1,Attack,High
40,0,0,422,0,Benign,Low
13,0,0,429,0,Benign,Low
11,0,0,214,0,Benign,Low
12,0,0,102,0,Benign,Low
19,0,0,432,0,Benign,Low
32,0,0,270,0,Benign,Low
251,0,1,1435,1,Attack,High
39,0,0,183,0,Benign,Low
104,1,1,3134,1,Attack,High
18,0,0,447,0,Benign,Low
27,0,0,357,0,Benign,Low
46,0,0,210,0,Benign,Low
74,0,0,326,0,Benign,Low
208,0,1,3859,1,Attack,High
260,0,1,3540,1,Attack,High
44,0,0,203,0,Benign,Low
352,1,1,589,1,Attack,High
12,0,0,236,0,Benign,Low
473,1,1,4584,1,Attack,High
20,0,0,178,0,Benign,Low
110,1,1,2213,1,Attack,High
12,0,0,460,0,Benign,Low
23,0,0,364,0,Benign,Low
387,1,1,897,1,Attack,High
455,1,1,893,1,Attack,High
34,0,0,413,0,Benign,Low
33,0,0,268,0,Benign,Low
64,0,0,160,0,Benign,Low
53,0,0,397,0,Benign,Low
56,0,0,483,0,Benign,Low
53,0,0,203,0,Benign,Low
25,0,0,304,0,Benign,Low
68,0,0,306,0,Benign,Low
234,0,0,530,1,Benign,Low
40,0,0,485,0,Benign,Low
18,0,0,430,0,Benign,Low
311,1,1,2918,1,Attack,High
42,0,0,374,0,Benign,Low
54,0,0,279,0,Benign,Low
67,0,0,463,0,Benign,Low
47,0,0,200,0,Benign,Low
441,0,1,2107,1,Attack,High
60,0,0,239,0,Benign,Low
43,0,0,382,0,Benign,Low
64,0,0,303,0,Benign,Low
456,1,1,2960,1,Attack,High
65,0,0,191,0,Benign,Low
497,1,0,3676,1,Attack,High
85,0,0,3782,1,Attack,High
99,1,0,4787,1,Attack,High
187,1,0,1292,1,Attack,High
364,0,0,4610,1,Attack,High
488,0,0,704,1,Attack,High
177,1,1,1732,1,Attack,High
391,1,0,1660,1,Attack,High
409,0,0,2299,1,Attack,High
33,0,0,473,0,Benign,Low
174,0,1,1763,1,Attack,High
69,0,0,448,0,Benign,Low
333,1,1,2392,1,Attack,High
19,0,0,258,0,Benign,Low
40,0,0,375,0,Benign,Low
40,0,0,140,0,Benign,Low
380,0,0,525,1,Benign,Low
211,1,1,2557,1,Attack,High
70,0,1,633,1,Attack,High
34,0,0,149,0,Benign,Low
190,0,1,4901,1,Attack,High
458,0,1,1115,1,Attack,High
73,0,0,4204,1,Attack,High
66,0,0,184,0,Benign,Low
15,0,0,124,0,Benign,Low
52,0,0,238,0,Benign,Low
48,0,0,303,0,Benign,Low
204,1,1,1691,1,Attack,High
245,1,1,514,1,Attack,High
57,0,0,240,0,Benign,Low
23,0,0,242,0,Benign,Low
38,0,0,235,0,Benign,Low
270,1,0,2147,1,Attack,High
60,0,0,425,0,Benign,Low
59,0,0,434,0,Benign,Low
136,0,1,4486,1,Attack,High
19,0,0,177,0,Benign,Low
37,0,0,435,0,Benign,Low
15,0,0,392,0,Benign,Low
29,0,0,206,0,Benign,Low
42,0,0,230,0,Benign,Low
71,0,0,204,0,Benign,Low
43,0,0,359,0,Benign,Low
77,0,0,371,0,Benign,Low
36,0,0,304,0,Benign,Low
47,0,0,277,0,Benign,Low
59,0,0,341,0,Benign,Low
35,0,0,498,0,Benign,Low
23,0,0,255,0,Benign,Low
19,0,0,196,0,Benign,Low
51,0,0,204,0,Benign,Low
42,0,0,212,0,Benign,Low
434,0,1,3766,1,Attack,High
74,0,0,215,0,Benign,Low
41,0,0,308,0,Benign,Low
444,1,1,3008,1,Attack,High
31,0,0,283,0,Benign,Low
41,0,0,373,0,Benign,Low
40,0,0,345,0,Benign,Low
425,0,0,1257,1,Attack,High
18,0,0,232,0,Benign,Low
388,1,1,2275,1,Attack,High
20,0,0,360,0,Benign,Low
362,1,1,1984,1,Attack,High
43,0,0,278,0,Benign,Low
496,1,1,1031,1,Attack,High
14,0,0,142,0,Benign,Low
17,0,0,479,0,Benign,Low
57,0,0,2452,1,Benign,Low
61,0,0,164,0,Benign,Low
438,1,0,1718,1,Attack,High
50,0,0,341,0,Benign,Low
80,0,0,192,0,Benign,Low
57,0,0,108,0,Benign,Low
155,0,0,4701,1,Attack,High
65,0,0,331,0,Benign,Low
18,0,0,416,0,Benign,Low
14,0,0,109,0,Benign,Low
453,0,1,3455,1,Attack,High
71,0,0,188,0,Benign,Low
134,1,1,3177,1,Attack,High
206,0,1,1905,1,Attack,High
29,0,0,312,0,Benign,Low
25,0,0,262,0,Benign,Low
127,1,1,1909,1,Attack,High
12,0,0,265,0,Benign,Low
69,0,0,478,0,Benign,Low
334,1,1,2045,1,Attack,High
439,1,0,1898,1,Attack,High
12,0,0,264,0,Benign,Low
37,0,0,171,0,Benign,Low
321,1,1,710,1,Attack,High
369,0,0,3934,1,Attack,High
72,0,0,495,0,Benign,Low
68,0,0,300,0,Benign,Low
59,0,0,386,0,Benign,Low
39,0,0,146,0,Benign,Low
55,0,0,479,0,Benign,Low
497,0,0,834,1,Attack,High
258,1,1,2522,1,Attack,High
64,0,0,319,0,Benign,Low
30,0,0,359,0,Benign,Low
12,0,0,381,0,Benign,Low
36,0,0,126,0,Benign,Low
126,0,0,4588,1,Attack,High
457,0,0,2432,1,Attack,High
477,1,1,3577,1,Attack,High
484,1,0,738,1,Attack,High
66,0,0,339,0,Benign,Low
479,0,1,1985,1,Attack,High
62,0,0,275,0,Benign,Low
22,0,0,382,0,Benign,Low
46,0,0,227,0,Benign,Low
18,0,0,189,0,Benign,Low
55,0,0,346,0,Benign,Low
60,0,0,154,0,Benign,Low
49,0,0,418,0,Benign,Low
71,0,0,330,0,Benign,Low
35,0,0,156,0,Benign,Low
20,0,0,371,0,Benign,Low
53,0,0,378,0,Benign,Low
31,0,0,135,0,Benign,Low
35,0,0,178,0,Benign,Low
73,0,0,157,0,Benign,Low
59,0,0,443,0,Benign,Low
46,0,0,400,0,Benign,Low
22,0,0,303,0,Benign,Low
147,0,0,2900,1,Attack,High
35,0,0,455,0,Benign,Low
68,0,0,426,0,Benign,Low
77,0,0,160,0,Benign,Low
195,0,1,1319,1,Attack,High
50,0,0,142,0,Benign,Low
14,0,0,320,0,Benign,Low
18,0,0,435,0,Benign,Low
10,0,0,119,0,Benign,Low
34,0,0,344,0,Benign,Low
79,0,0,347,0,Benign,Low
257,0,0,4340,1,Attack,High
53,0,0,205,0,Benign,Low
118,1,0,3743,1,Attack,High
73,0,0,415,0,Benign,Low
33,0,0,232,0,Benign,Low
391,1,0,1389,1,Attack,High
36,0,0,479,0,Benign,Low
62,0,0,102,0,Benign,Low
473,0,1,3477,1,Attack,High
131,0,0,4171,1,Attack,High
38,0,0,472,0,Benign,Low
457,1,1,1560,1,Attack,High
18,0,0,439,0,Benign,Low
57,0,0,377,0,Benign,Low
16,0,0,215,0,Benign,Low
66,0,0,180,0,Benign,Low
45,0,0,338,0,Benign,Low
332,1,1,4092,1,Attack,High
46,0,0,415,0,Benign,Low
19,0,0,402,0,Benign,Low
77,0,0,124,0,Benign,Low
23,0,0,147,0,Benign,Low
57,0,0,447,0,Benign,Low
383,0,0,2474,1,Attack,High
460,1,1,2977,1,Attack,High
13,0,0,138,0,Benign,Low
391,0,0,2462,1,Attack,High
63,0,0,335,0,Benign,Low
62,0,0,152,0,Benign,Low
68,0,0,200,0,Benign,Low
80,0,0,184,0,Benign,Low
169,0,1,1253,1,Attack,High
263,0,1,1392,1,Attack,High
72,0,0,406,0,Benign,Low
12,0,0,137,0,Benign,Low
48,0,0,362,0,Benign,Low
53,0,0,463,0,Benign,Low
53,0,0,459,0,Benign,Low
21,0,0,465,0,Benign,Low
442,1,1,4066,1,Attack,High
17,0,0,135,0,Benign,Low
248,0,1,4453,1,Attack,High
65,0,0,209,0,Benign,Low
68,0,0,455,0,Benign,Low
74,0,0,328,0,Benign,Low
107,1,0,1474,1,Attack,High
70,0,1,2890,1,Attack,High
52,0,0,273,0,Benign,Low
385,0,0,2806,1,Attack,High
42,0,0,290,0,Benign,Low
210,0,1,3467,1,Attack,High
125,1,0,3249,1,Attack,High
50,0,0,150,0,Benign,Low
45,0,0,282,0,Benign,Low
10,0,0,483,0,Benign,Low
30,0,0,290,0,Benign,Low
59,0,0,185,0,Benign,Low
35,0,0,140,0,Benign,Low
45,0,0,425,0,Benign,Low
99,0,0,575,1,Benign,Low
23,0,0,352,0,Benign,Low
41,0,0,124,0,Benign,Low
50,0,0,350,0,Benign,Low
64,0,0,236,0,Benign,Low
84,0,1,1984,1,Attack,High
77,0,0,371,0,Benign,Low
304,0,1,3470,1,Attack,High
84,1,1,4306,1,Attack,High
247,1,1,3962,1,Attack,High
452,0,0,3479,1,Attack,High
31,0,0,137,0,Benign,Low
18,0,0,219,0,Benign,Low
247,1,1,2902,1,Attack,High
21,0,0,473,0,Benign,Low
65,0,0,428,0,Benign,Low
75,0,1,3835,1,Attack,High
143,0,0,3804,1,Attack,High
29,0,0,348,0,Benign,Low
208,1,0,1208,1,Attack,High
76,0,0,310,0,Benign,Low
488,0,1,1921,1,Attack,High
19,0,0,416,0,Benign,Low
56,0,0,100,0,Benign,Low
31,0,0,399,0,Benign,Low
20,0,0,342,0,Benign,Low
117,0,0,2431,1,Attack,High
54,0,0,184,0,Benign,Low
300,0,0,2237,1,Attack,High
73,0,0,451,0,Benign,Low
126,0,0,3117,1,Attack,High
55,0,0,254,0,Benign,Low
447,1,1,3895,1,Attack,High
77,0,0,129,0,Benign,Low
37,0,0,320,0,Benign,Low
11,0,0,279,0,Benign,Low
135,1,1,2810,1,Attack,High
26,0,0,375,0,Benign,Low
47,0,0,235,0,Benign,Low
350,0,1,669,1,Attack,High
65,0,0,235,0,Benign,Low
50,0,0,414,0,Benign,Low
180,0,1,2822,1,Attack,High
42,0,0,197,0,Benign,Low
185,1,1,2764,1,Attack,High
32,0,0,116,0,Benign,Low
45,0,0,102,0,Benign,Low
39,0,0,275,0,Benign,Low
24,0,0,352,0,Benign,Low
11,0,0,327,0,Benign,Low
77,0,0,213,0,Benign,Low
383,1,1,3610,1,Attack,High
92,1,1,4709,1,Attack,High
468,0,1,4097,1,Attack,High
63,0,0,132,0,Benign,Low
133,0,0,3801,1,Attack,High
46,0,0,428,0,Benign,Low
68,0,1,3983,1,Attack,High
32,0,0,401,0,Benign,Low
51,0,0,460,0,Benign,Low
59,0,0,436,0,Benign,Low
80,0,0,180,0,Benign,Low
47,0,0,183,0,Benign,Low
180,1,1,4614,1,Attack,High
11,0,0,432,0,Benign,Low
30,0,0,278,0,Benign,Low
106,0,0,4122,1,Attack,High
341,1,1,1195,1,Attack,High
31,0,0,184,0,Benign,Low
54,0,0,216,0,Benign,Low
176,1,0,2670,1,Attack,High
203,0,0,866,1,Attack,High
201,0,1,4932,1,Attack,High
74,0,0,423,0,Benign,Low
421,0,1,1874,1,Attack,High
62,0,0,433,0,Benign,Low
463,1,0,4026,1,Attack,High
10,0,0,266,0,Benign,Low
56,0,0,128,0,Benign,Low
80,0,0,283,0,Benign,Low
65,0,0,387,0,Benign,Low
243,0,0,4792,1,Attack,High
79,0,0,107,0,Benign,Low
75,0,0,240,0,Benign,Low
276,0,1,4954,1,Attack,High
38,0,0,269,0,Benign,Low
460,1,0,2024,1,Attack,High
41,0,0,417,0,Benign,Low
109,0,0,3969,1,Attack,High
71,0,0,411,0,Benign,Low
206,1,1,3426,1,Attack,High
54,0,0,270,0,Benign,Low
76,1,1,803,1,Attack,High
56,0,0,242,0,Benign,Low
28,0,0,281,0,Benign,Low
61,0,0,153,0,Benign,Low
61,0,0,254,0,Benign,Low
24,0,0,309,0,Benign,Low
353,1,0,546,1,Benign,Low
89,1,1,1461,1,Attack,High
53,0,0,2514,1,Benign,Low
73,0,0,148,0,Benign,Low
19,0,0,104,0,Benign,Low
75,0,0,399,0,Benign,Low
31,0,0,169,0,Benign,Low
459,0,1,4762,1,Attack,High
75,0,0,308,0,Benign,Low
391,0,0,2387,1,Attack,High
465,1,1,2460,1,Attack,High
13,0,0,112,0,Benign,Low
60,0,0,225,0,Benign,Low
287,1,1,2215,1,Attack,High
30,0,0,299,0,Benign,Low
47,0,0,290,0,Benign,Low
143,1,0,4383,1,Attack,High
70,0,0,134,0,Benign,Low
51,0,0,112,0,Benign,Low
295,1,1,2461,1,Attack,High
12,0,0,390,0,Benign,Low
72,0,0,188,0,Benign,Low
39,0,0,129,0,Benign,Low
395,1,1,4761,1,Attack,High
158,0,0,1812,1,Attack,High
74,0,0,482,0,Benign,Low
166,0,0,1237,1,Attack,High
39,0,0,373,0,Benign,Low
59,0,0,235,0,Benign,Low
47,0,0,143,0,Benign,Low
103,1,0,3459,1,Attack,High
34,0,0,375,0,Benign,Low
31,0,0,473,0,Benign,Low
11,0,0,137,0,Benign,Low
12,0,0,358,0,Benign,Low
43,0,0,415,0,Benign,Low
56,0,0,284,0,Benign,Low
498,0,0,4485,1,Attack,High
23,0,0,355,0,Benign,Low
47,0,0,115,0,Benign,Low
264,0,1,3708,1,Attack,High
54,0,0,180,0,Benign,Low
61,0,0,352,0,Benign,Low
63,0,0,362,0,Benign,Low
11,0,0,216,0,Benign,Low
59,0,0,421,0,Benign,Low
25,0,0,284,0,Benign,Low
31,0,0,338,0,Benign,Low
75,0,0,327,0,Benign,Low
413,0,0,4517,1,Attack,High
187,0,1,4177,1,Attack,High
33,0,0,462,0,Benign,Low
430,1,1,4957,1,Attack,High
63,0,0,173,0,Benign,Low
48,0,0,398,0,Benign,Low
36,0,0,329,0,Benign,Low
64,0,0,344,0,Benign,Low
67,0,0,475,0,Benign,Low
41,0,0,284,0,Benign,Low
406,0,1,838,1,Attack,High
74,0,0,423,0,Benign,Low
43,0,0,367,0,Benign,Low
64,0,0,441,0,Benign,Low
72,0,0,428,0,Benign,Low
28,0,0,272,0,Benign,Low
52,0,0,186,0,Benign,Low
61,0,0,310,0,Benign,Low
394,1,0,3436,1,Attack,High
206,1,0,3753,1,Attack,High
80,0,0,144,0,Benign,Low
287,0,1,4699,1,Attack,High
39,0,0,479,0,Benign,Low
394,0,0,4548,1,Attack,High
220,0,0,2128,1,Attack,High
426,1,1,4308,1,Attack,High
35,0,0,119,0,Benign,Low
235,0,1,3497,1,Attack,High
27,0,0,303,0,Benign,Low
369,1,0,2538,1,Attack,High
71,0,0,263,0,Benign,Low
255,1,1,2853,1,Attack,High
413,1,1,2304,1,Attack,High
256,1,1,2472,1,Attack,High
36,0,0,223,0,Benign,Low
60,0,0,345,0,Benign,Low
23,0,0,136,0,Benign,Low
41,0,0,386,0,Benign,Low
55,0,0,245,0,Benign,Low
13,0,0,356,0,Benign,Low
14,0,0,435,0,Benign,Low
29,0,0,299,0,Benign,Low
57,0,0,411,0,Benign,Low
32,0,0,280,0,Benign,Low
11,0,0,246,0,Benign,Low
61,0,0,153,0,Benign,Low
45,0,0,383,0,Benign,Low
34,0,0,136,0,Benign,Low
18,0,0,437,0,Benign,Low
148,1,1,1141,1,Attack,High
61,0,0,120,0,Benign,Low
25,0,0,111,0,Benign,Low
62,0,0,302,0,Benign,Low
435,1,1,3894,1,Attack,High
167,1,0,2836,1,Attack,High
63,0,0,483,0,Benign,Low
26,0,0,148,0,Benign,Low
75,0,0,381,0,Benign,Low
31,0,0,468,0,Benign,Low
74,0,0,482,0,Benign,Low
15,0,0,480,0,Benign,Low
70,0,0,452,0,Benign,Low
360,1,0,3827,1,Attack,High
14,0,0,358,0,Benign,Low
15,0,0,289,0,Benign,Low
31,0,0,466,0,Benign,Low
26,0,0,389,0,Benign,Low
234,1,0,3075,1,Attack,High
47,0,0,353,0,Benign,Low
85,0,0,3428,1,Attack,High
35,0,0,363,0,Benign,Low
80,0,0,238,0,Benign,Low
396,0,0,1418,1,Attack,High
28,0,0,322,0,Benign,Low
68,0,0,291,0,Benign,Low
19,0,0,203,0,Benign,Low
42,0,0,309,0,Benign,Low
77,0,0,171,0,Benign,Low
58,0,0,272,0,Benign,Low
326,0,0,4489,1,Attack,High
14,0,0,235,0,Benign,Low
31,0,0,356,0,Benign,Low
68,0,0,451,0,Benign,Low
355,1,1,3653,1,Attack,High
65,0,0,187,0,Benign,Low
61,0,0,474,0,Benign,Low
16,0,0,416,0,Benign,Low
73,0,0,140,0,Benign,Low
32,0,0,388,0,Benign,Low
42,0,0,488,0,Benign,Low
50,0,0,487,0,Benign,Low
19,0,0,200,0,Benign,Low
69,0,0,181,0,Benign,Low
66,0,0,470,0,Benign,Low
134,0,0,4557,1,Attack,High
241,1,1,4876,1,Attack,High
58,0,0,208,0,Benign,Low
72,0,0,425,0,Benign,Low
32,0,0,178,0,Benign,Low
20,0,0,433,0,Benign,Low
46,0,0,463,0,Benign,Low
79,0,0,481,0,Benign,Low
233,1,1,3451,1,Attack,High
355,0,0,934,1,Attack,High
18,0,0,263,0,Benign,Low
28,0,0,337,0,Benign,Low
320,0,1,1640,1,Attack,High
247,1,1,1791,1,Attack,High
361,1,1,3250,1,Attack,High
45,0,0,453,0,Benign,Low
152,1,1,2019,1,Attack,High
78,0,0,446,0,Benign,Low
25,0,0,365,0,Benign,Low
254,0,0,3222,1,Attack,High
69,0,0,380,0,Benign,Low
61,0,0,336,0,Benign,Low
116,1,0,4252,1,Attack,High
16,0,0,326,0,Benign,Low
14,0,0,498,0,Benign,Low
16,0,0,377,0,Benign,Low
52,0,0,409,0,Benign,Low
497,1,1,1776,1,Attack,High
54,0,0,140,0,Benign,Low
35,0,0,298,0,Benign,Low
30,0,0,306,0,Benign,Low
67,0,0,396,0,Benign,Low
21,0,0,488,0,Benign,Low
383,0,0,2886,1,Attack,High
54,0,0,385,0,Benign,Low
52,0,0,405,0,Benign,Low
352,1,0,3549,1,Attack,High
44,0,0,466,0,Benign,Low
46,0,0,429,0,Benign,Low
48,0,0,372,0,Benign,Low
373,0,1,4996,1,Attack,High
428,0,1,4179,1,Attack,High
219,1,1,3474,1,Attack,High
34,0,0,208,0,Benign,Low
16,0,0,185,0,Benign,Low
57,0,0,210,0,Benign,Low
52,0,0,262,0,Benign,Low
54,0,0,370,0,Benign,Low
66,0,0,407,0,Benign,Low
50,0,0,352,0,Benign,Low
52,0,0,472,0,Benign,Low
55,0,0,372,0,Benign,Low
498,0,1,1224,1,Attack,High
13,0,0,111,0,Benign,Low
74,0,0,131,0,Benign,Low
11,0,0,449,0,Benign,Low
137,1,0,691,1,Attack,High
77,0,0,324,0,Benign,Low
76,0,0,328,0,Benign,Low
67,0,0,351,0,Benign,Low
24,0,0,139,0,Benign,Low
54,0,1,4883,1,Attack,High
56,0,0,370,0,Benign,Low
75,0,0,243,0,Benign,Low
29,0,0,395,0,Benign,Low
17,0,0,363,0,Benign,Low
52,0,0,424,0,Benign,Low
46,0,0,109,0,Benign,Low
23,0,0,475,0,Benign,Low
256,1,1,4334,1,Attack,High
26,0,0,359,0,Benign,Low
76,0,0,467,0,Benign,Low
130,0,0,4602,1,Attack,High
62,0,0,189,0,Benign,Low
74,0,0,1565,1,Attack,High
71,0,0,143,0,Benign,Low
173,1,1,2584,1,Attack,High
31,0,0,278,0,Benign,Low
22,0,0,272,0,Benign,Low
35,0,0,339,0,Benign,Low
43,0,0,223,0,Benign,Low
38,0,0,238,0,Benign,Low
484,0,0,4889,1,Attack,High
42,0,0,270,0,Benign,Low
47,0,0,289,0,Benign,Low
241,0,0,3019,1,Attack,High
22,0,0,188,0,Benign,Low
63,0,0,412,0,Benign,Low
13,0,0,295,0,Benign,Low
20,0,0,358,0,Benign,Low
210,1,1,3947,1,Attack,High
21,0,0,372,0,Benign,Low
21,0,0,161,0,Benign,Low
109,0,1,3321,1,Attack,High
62,0,0,183,0,Benign,Low
314,1,1,3301,1,Attack,High
53,0,0,333,0,Benign,Low
29,0,0,429,0,Benign,Low
16,0,0,259,0,Benign,Low
41,0,0,348,0,Benign,Low
82,0,0,2274,1,Attack,High
45,0,0,413,0,Benign,Low
288,0,1,3007,1,Attack,High
28,0,0,156,0,Benign,Low
31,0,0,461,0,Benign,Low
33,0,0,452,0,Benign,Low
62,0,0,422,0,Benign,Low
67,1,1,3771,1,Attack,High
73,0,0,339,0,Benign,Low
483,0,1,3712,1,Attack,High
63,0,0,120,0,Benign,Low
37,0,0,192,0,Benign,Low
59,0,0,223,0,Benign,Low
33,0,0,439,0,Benign,Low
33,0,0,218,0,Benign,Low
182,1,1,1438,1,Attack,High
307,0,0,811,1,Attack,High
337,0,0,1163,1,Attack,High
58,0,0,226,0,Benign,Low
37,0,0,160,0,Benign,Low
108,0,0,4423,1,Attack,High
288,0,1,3309,1,Attack,High
13,0,0,482,0,Benign,Low
28,0,0,254,0,Benign,Low
34,0,0,380,0,Benign,Low
68,0,0,261,0,Benign,Low
23,0,0,122,0,Benign,Low
325,1,0,1994,1,Attack,High
17,0,0,128,0,Benign,Low
350,1,1,3424,1,Attack,High
37,0,0,209,0,Benign,Low
23,0,0,438,0,Benign,Low
78,0,0,452,0,Benign,Low
55,1,0,1572,1,Benign,Low
47,0,0,221,0,Benign,Low
69,0,0,459,0,Benign,Low
25,0,0,314,0,Benign,Low
25,0,0,206,0,Benign,Low
41,0,0,101,0,Benign,Low
50,0,0,445,0,Benign,Low
77,0,0,302,0,Benign,Low
11,0,0,350,0,Benign,Low
75,0,0,417,0,Benign,Low
173,1,1,3935,1,Attack,High
351,1,1,1414,1,Attack,High
49,0,0,322,0,Benign,Low
335,1,0,4408,1,Attack,High
39,0,0,163,0,Benign,Low
227,0,0,4359,1,Attack,High
118,1,1,685,1,Attack,High
79,0,0,3267,1,Attack,High
23,0,0,451,0,Benign,Low
40,0,0,196,0,Benign,Low
63,0,0,250,0,Benign,Low
30,0,0,359,0,Benign,Low
317,0,0,835,1,Attack,High
47,0,0,326,0,Benign,Low
78,0,0,256,0,Benign,Low
50,0,0,1526,1,Benign,Low
56,0,1,1031,1,Attack,High
46,0,0,336,0,Benign,Low
218,0,0,2575,1,Attack,High
241,1,0,1986,1,Attack,High
35,0,0,288,0,Benign,Low
305,1,0,4904,1,Attack,High
378,1,0,1764,1,Attack,High
135,1,1,1649,1,Attack,High
26,0,0,169,0,Benign,Low
37,0,0,487,0,Benign,Low
72,0,0,329,0,Benign,Low
62,0,0,178,0,Benign,Low
445,1,1,1668,1,Attack,High
62,0,0,311,0,Benign,Low
59,0,0,495,0,Benign,Low
75,0,0,376,0,Benign,Low
149,0,1,2775,1,Attack,High
488,1,0,2473,1,Attack,High
34,0,0,355,0,Benign,Low
41,0,0,392,0,Benign,Low
61,0,0,463,0,Benign,Low
32,0,0,213,0,Benign,Low
67,0,0,4028,1,Attack,High
11,0,0,171,0,Benign,Low
41,0,0,382,0,Benign,Low
11,0,0,337,0,Benign,Low
45,0,0,225,0,Benign,Low
42,0,0,127,0,Benign,Low
122,1,1,4341,1,Attack,High
442,0,0,1938,1,Attack,High
79,0,0,185,0,Benign,Low
42,0,0,405,0,Benign,Low
388,0,1,741,1,Attack,High
240,1,1,2507,1,Attack,High
33,0,0,160,0,Benign,Low
36,0,0,341,0,Benign,Low
57,1,1,3729,1,Attack,High
72,0,0,341,0,Benign,Low
62,0,0,354,0,Benign,Low
31,0,0,499,0,Benign,Low
131,0,0,3124,1,Attack,High
70,0,0,307,0,Benign,Low
432,0,1,3725,1,Attack,High
30,0,0,480,0,Benign,Low
270,1,1,1425,1,Attack,High
39,0,0,153,0,Benign,Low
32,0,0,447,0,Benign,Low
465,0,0,4033,1,Attack,High
250,0,1,2230,1,Attack,High
19,0,0,126,0,Benign,Low
380,0,0,1753,1,Attack,High
66,0,0,341,0,Benign,Low
420,1,1,2973,1,Attack,High
14,0,0,165,0,Benign,Low
466,1,1,516,1,Attack,High
223,0,1,3244,1,Attack,High
44,0,0,269,0,Benign,Low
47,0,0,319,0,Benign,Low
70,0,0,344,0,Benign,Low
23,0,0,363,0,Benign,Low
57,0,0,324,0,Benign,Low
74,0,0,136,0,Benign,Low
130,1,0,2638,1,Attack,High
11,0,0,397,0,Benign,Low
72,0,0,270,0,Benign,Low
25,0,0,247,0,Benign,Low
112,0,0,3389,1,Attack,High
16,0,0,299,0,Benign,Low
399,1,0,4828,1,Attack,High
36,0,0,431,0,Benign,Low
68,0,0,254,0,Benign,Low
47,0,0,295,0,Benign,Low
394,1,0,2218,1,Attack,High
51,0,0,241,0,Benign,Low
30,0,0,249,0,Benign,Low
46,0,0,445,0,Benign,Low
56,0,0,360,0,Benign,Low
33,0,0,410,0,Benign,Low
20,0,0,323,0,Benign,Low
80,0,0,390,0,Benign,Low
28,0,0,171,0,Benign,Low
46,0,0,131,0,Benign,Low
49,0,0,254,0,Benign,Low
14,0,0,491,0,Benign,Low
428,1,1,884,1,Attack,High
413,0,0,3625,1,Attack,High
67,0,0,148,0,Benign,Low
65,0,0,481,0,Benign,Low
46,0,0,186,0,Benign,Low
19,0,0,369,0,Benign,Low
26,0,0,120,0,Benign,Low
45,0,0,117,0,Benign,Low
59,0,0,323,0,Benign,Low
371,0,1,1245,1,Attack,High
77,0,0,320,0,Benign,Low
38,0,0,229,0,Benign,Low
29,0,0,299,0,Benign,Low
24,0,0,439,0,Benign,Low
59,0,0,221,0,Benign,Low
38,0,0,385,0,Benign,Low
20,0,0,302,0,Benign,Low
23,0,0,346,0,Benign,Low
132,0,1,781,1,Attack,High
189,1,1,2481,1,Attack,High
62,0,0,196,0,Benign,Low
79,0,0,353,0,Benign,Low
64,0,0,455,0,Benign,Low
21,0,0,221,0,Benign,Low
54,0,0,156,0,Benign,Low
399,1,1,1261,1,Attack,High
57,0,0,200,0,Benign,Low
22,0,0,189,0,Benign,Low
66,0,0,171,0,Benign,Low
66,0,0,399,0,Benign,Low
26,0,0,299,0,Benign,Low
18,0,0,482,0,Benign,Low
26,0,0,322,0,Benign,Low
384,0,1,3841,1,Attack,High
35,0,0,372,0,Benign,Low
45,0,0,380,0,Benign,Low
47,0,0,225,0,Benign,Low
333,0,1,1665,1,Attack,High
74,0,0,478,0,Benign,Low
369,0,0,1454,1,Attack,High
23,0,0,218,0,Benign,Low
439,0,1,3035,1,Attack,High
35,0,0,488,0,Benign,Low
271,1,0,3857,1,Attack,High
21,0,0,465,0,Benign,Low
39,0,0,328,0,Benign,Low
209,1,0,4119,1,Attack,High
32,0,0,340,0,Benign,Low
80,0,0,459,0,Benign,Low
15,0,0,483,0,Benign,Low
18,0,0,117,0,Benign,Low
48,0,0,400,0,Benign,Low
48,0,0,264,0,Benign,Low
29,0,0,369,0,Benign,Low
33,0,0,142,0,Benign,Low
316,1,1,1201,1,Attack,High
20,0,0,297,0,Benign,Low
23,0,0,422,0,Benign,Low
74,0,0,288,0,Benign,Low
19,0,0,258,0,Benign,Low
481,0,0,2486,1,Attack,High
25,0,0,419,0,Benign,Low
35,0,0,219,0,Benign,Low
72,0,0,284,0,Benign,Low
12,0,0,172,0,Benign,Low
62,0,0,113,0,Benign,Low
53,0,0,200,0,Benign,Low
71,0,0,233,0,Benign,Low
77,0,0,258,0,Benign,Low
44,0,0,472,0,Benign,Low
31,0,0,396,0,Benign,Low
63,0,0,446,0,Benign,Low
54,0,0,268,0,Benign,Low
38,0,0,431,0,Benign,Low
37,0,0,169,0,Benign,Low
79,0,0,346,0,Benign,Low
10,0,0,475,0,Benign,Low
74,0,0,228,0,Benign,Low
37,0,0,184,0,Benign,Low
309,1,1,1265,1,Attack,High
27,0,0,210,0,Benign,Low
420,1,0,3288,1,Attack,High
32,0,0,454,0,Benign,Low
30,0,0,493,0,Benign,Low
71,0,0,273,0,Benign,Low
33,0,0,349,0,Benign,Low
63,0,0,349,0,Benign,Low
446,1,1,736,1,Attack,High
27,0,0,177,0,Benign,Low
233,0,0,983,1,Attack,High
78,0,0,153,0,Benign,Low
65,0,0,405,0,Benign,Low
428,0,1,4625,1,Attack,High
60,0,0,339,0,Benign,Low
406,1,0,2149,1,Attack,High
17,0,0,270,0,Benign,Low
31,0,0,151,0,Benign,Low
64,0,0,472,0,Benign,Low
499,1,0,2109,1,Attack,High
22,0,0,403,0,Benign,Low
481,1,0,3778,1,Attack,High
78,0,0,490,0,Benign,Low
368,0,1,2575,1,Attack,High
476,1,1,1161,1,Attack,High
12,0,0,331,0,Benign,Low
75,0,0,152,0,Benign,Low
184,0,1,3957,1,Attack,High
287,0,0,4308,1,Attack,High
331,0,1,3621,1,Attack,High
63,0,0,193,0,Benign,Low
47,0,0,174,0,Benign,Low
23,0,0,232,0,Benign,Low
71,0,0,212,0,Benign,Low
64,0,0,118,0,Benign,Low
76,0,0,468,0,Benign,Low
272,0,0,1260,1,Attack,High
36,0,0,297,0,Benign,Low
55,0,0,322,0,Benign,Low
54,0,0,196,0,Benign,Low
123,1,0,4380,1,Attack,High
93,1,1,2490,1,Attack,High
31,0,0,432,0,Benign,Low
46,0,0,128,0,Benign,Low
44,0,0,337,0,Benign,Low
51,0,0,187,0,Benign,Low
351,1,1,1339,1,Attack,High
68,0,0,355,0,Benign,Low
17,0,0,369,0,Benign,Low
23,0,0,105,0,Benign,Low
57,0,0,265,0,Benign,Low
61,0,0,467,0,Benign,Low
35,0,0,285,0,Benign,Low
81,0,0,4971,1,Attack,High
261,1,0,2675,1,Attack,High
33,0,0,380,0,Benign,Low
268,1,1,508,1,Attack,High
77,0,0,193,0,Benign,Low
66,0,0,330,0,Benign,Low
19,0,0,314,0,Benign,Low
498,0,1,3170,1,Attack,High
28,0,0,341,0,Benign,Low
112,1,0,3561,1,Attack,High
63,0,0,250,0,Benign,Low
67,0,0,480,0,Benign,Low
394,0,1,2067,1,Attack,High
49,0,0,220,0,Benign,Low
77,0,0,285,0,Benign,Low
34,0,0,154,0,Benign,Low
10,0,0,409,0,Benign,Low
13,0,0,261,0,Benign,Low
191,0,0,2214,1,Attack,High
78,0,0,129,0,Benign,Low
78,0,0,258,0,Benign,Low
47,0,0,487,0,Benign,Low
24,0,0,378,0,Benign,Low
32,0,0,495,0,Benign,Low
362,1,0,2506,1,Attack,High
25,0,0,270,0,Benign,Low
13,0,0,120,0,Benign,Low
29,0,0,134,0,Benign,Low
386,0,1,3115,1,Attack,High
60,0,0,318,0,Benign,Low
36,0,0,165,0,Benign,Low
25,0,0,221,0,Benign,Low
260,1,1,2712,1,Attack,High
61,0,0,398,0,Benign,Low
348,1,1,4303,1,Attack,High
479,0,0,686,1,Attack,High
41,0,0,352,0,Benign,Low
150,1,1,2942,1,Attack,High
33,0,0,337,0,Benign,Low
21,0,0,320,0,Benign,Low
79,1,1,1892,1,Attack,High
48,0,0,267,0,Benign,Low
31,0,0,228,0,Benign,Low
165,1,0,3988,1,Attack,High
78,0,0,186,0,Benign,Low
59,0,0,434,0,Benign,Low
20,0,0,497,0,Benign,Low
37,0,0,327,0,Benign,Low
24,0,0,397,0,Benign,Low
231,0,1,4267,1,Attack,High
32,0,0,380,0,Benign,Low
77,0,0,189,0,Benign,Low
37,0,0,299,0,Benign,Low
74,0,0,240,0,Benign,Low
70,0,0,463,0,Benign,Low
13,0,0,148,0,Benign,Low
313,0,0,2900,1,Attack,High
15,0,0,437,0,Benign,Low
51,0,0,160,0,Benign,Low
422,1,1,3921,1,Attack,High
20,0,0,299,0,Benign,Low
24,0,0,334,0,Benign,Low
57,0,0,184,0,Benign,Low
419,0,0,3494,1,Attack,High
79,0,0,197,0,Benign,Low
280,1,1,2618,1,Attack,High
63,0,0,159,0,Benign,Low
40,0,0,391,0,Benign,Low
63,0,0,417,0,Benign,Low
446,1,0,1097,1,Attack,High
70,0,0,181,0,Benign,Low
23,0,0,320,0,Benign,Low
115,1,0,1678,1,Attack,High
42,0,0,351,0,Benign,Low
41,0,0,202,0,Benign,Low
56,0,0,162,0,Benign,Low
11,0,0,156,0,Benign,Low
79,0,0,330,0,Benign,Low
492,0,0,4519,1,Attack,High
43,0,0,227,0,Benign,Low
108,0,1,3728,1,Attack,High
390,1,0,2157,1,Attack,High
72,0,0,105,0,Benign,Low
44,0,0,406,0,Benign,Low
52,0,0,235,0,Benign,Low
322,1,1,2957,1,Attack,High
68,0,0,155,0,Benign,Low
308,0,1,2113,1,Attack,High
61,0,0,168,0,Benign,Low
69,0,0,293,0,Benign,Low
43,0,0,107,0,Benign,Low
63,0,0,278,0,Benign,Low
340,1,1,1361,1,Attack,High
33,0,0,190,0,Benign,Low
238,0,0,4667,1,Attack,High
415,1,1,3073,1,Attack,High
40,0,0,472,0,Benign,Low
58,0,0,121,0,Benign,Low
28,0,0,311,0,Benign,Low
141,1,0,3424,1,Attack,High
419,0,0,517,1,Benign,Low
49,0,0,350,0,Benign,Low
80,0,0,213,0,Benign,Low
52,0,0,359,0,Benign,Low
221,1,0,4113,1,Attack,High
67,0,0,259,0,Benign,Low
44,0,0,241,0,Benign,Low
370,0,0,1531,1,Attack,High
477,1,1,4437,1,Attack,High
448,0,1,1674,1,Attack,High
56,0,0,274,0,Benign,Low
13,0,0,297,0,Benign,Low
70,0,0,221,0,Benign,Low
74,0,0,372,0,Benign,Low
63,0,0,137,0,Benign,Low
302,0,1,3077,1,Attack,High
62,0,0,450,0,Benign,Low
53,1,0,4646,1,Benign,Low
34,0,0,421,0,Benign,Low
258,1,1,2025,1,Attack,High
30,0,0,327,0,Benign,Low
121,0,0,1416,1,Attack,High
176,1,0,3892,1,Attack,High
13,0,0,244,0,Benign,Low
78,0,0,327,0,Benign,Low
46,0,0,307,0,Benign,Low
287,0,1,3545,1,Attack,High
38,0,0,334,0,Benign,Low
43,0,0,234,0,Benign,Low
71,0,0,469,0,Benign,Low
43,0,0,234,0,Benign,Low
11,0,0,256,0,Benign,Low
161,1,0,1108,1,Attack,High
122,0,1,4259,1,Attack,High
21,0,0,346,0,Benign,Low
472,0,1,2790,1,Attack,High
14,0,0,195,0,Benign,Low
278,0,1,1980,1,Attack,High
20,0,0,227,0,Benign,Low
13,0,0,275,0,Benign,Low
11,0,0,318,0,Benign,Low
65,0,0,398,0,Benign,Low
55,0,0,361,0,Benign,Low
21,0,0,125,0,Benign,Low
79,0,0,493,0,Benign,Low
460,0,1,1906,1,Attack,High
51,0,0,203,0,Benign,Low
53,0,0,267,0,Benign,Low
52,0,0,486,0,Benign,Low
12,0,0,366,0,Benign,Low
215,0,0,1992,1,Attack,High
447,1,1,983,1,Attack,High
64,0,0,333,0,Benign,Low
78,0,0,269,0,Benign,Low
25,0,0,439,0,Benign,Low
67,1,1,3280,1,Attack,High
14,0,0,309,0,Benign,Low
32,0,0,488,0,Benign,Low
58,0,0,328,0,Benign,Low
264,1,0,2960,1,Attack,High
31,0,0,302,0,Benign,Low
33,0,0,301,0,Benign,Low
40,0,0,449,0,Benign,Low
15,0,0,145,0,Benign,Low
10,0,0,358,0,Benign,Low
26,0,0,321,0,Benign,Low
56,0,0,474,0,Benign,Low
45,0,0,131,0,Benign,Low
393,1,0,4695,1,Attack,High
35,0,0,131,0,Benign,Low
428,0,1,2648,1,Attack,High
30,0,0,475,0,Benign,Low
441,1,1,3571,1,Attack,High
19,0,0,432,0,Benign,Low
35,0,0,430,0,Benign,Low
72,0,0,385,0,Benign,Low
20,0,0,312,0,Benign,Low
34,0,0,462,0,Benign,Low
21,0,0,127,0,Benign,Low
318,1,0,2560,1,Attack,High
59,0,0,344,0,Benign,Low
47,0,0,476,0,Benign,Low
74,0,0,122,0,Benign,Low
28,0,0,437,0,Benign,Low
25,0,0,474,0,Benign,Low
38,0,0,160,0,Benign,Low
212,0,1,3080,1,Attack,High
449,0,0,1715,1,Attack,High
35,0,0,292,0,Benign,Low
231,0,0,1643,1,Attack,High
55,0,0,460,0,Benign,Low
19,0,0,427,0,Benign,Low
45,0,0,260,0,Benign,Low
11,0,0,452,0,Benign,Low
358,0,1,4870,1,Attack,High
22,0,0,421,0,Benign,Low
57,0,0,123,0,Benign,Low
51,0,0,357,0,Benign,Low
48,0,0,333,0,Benign,Low
405,1,1,1590,1,Attack,High
362,0,1,1088,1,Attack,High
73,0,0,406,0,Benign,Low
83,1,1,1048,1,Attack,High
53,0,0,341,0,Benign,Low
29,0,0,269,0,Benign,Low
46,0,0,232,0,Benign,Low
403,1,1,4991,1,Attack,High
24,0,0,126,0,Benign,Low
45,0,0,392,0,Benign,Low
38,0,0,495,0,Benign,Low
72,0,0,161,0,Benign,Low
45,0,0,154,0,Benign,Low
70,0,0,159,0,Benign,Low
47,0,0,367,0,Benign,Low
18,0,0,284,0,Benign,Low
51,1,1,4769,1,Attack,High
68,0,0,387,0,Benign,Low
33,0,0,301,0,Benign,Low
11,0,0,116,0,Benign,Low
68,0,0,208,0,Benign,Low
62,0,0,121,0,Benign,Low
27,0,0,141,0,Benign,Low
63,1,0,1389,1,Attack,High
23,0,0,322,0,Benign,Low
37,0,0,221,0,Benign,Low
206,1,1,2974,1,Attack,High
71,0,0,232,0,Benign,Low
205,0,0,4007,1,Attack,High
77,0,0,492,0,Benign,Low
120,0,0,951,1,Attack,High
25,0,0,495,0,Benign,Low
50,0,0,203,0,Benign,Low
74,0,0,314,0,Benign,Low
118,0,0,3387,1,Attack,High
110,0,0,3152,1,Attack,High
55,0,0,129,0,Benign,Low
39,0,0,453,0,Benign,Low
50,0,1,3434,1,Attack,High
14,0,0,337,0,Benign,Low
14,0,0,348,0,Benign,Low
325,0,0,4320,1,Attack,High
396,0,0,1553,1,Attack,High
54,0,0,150,0,Benign,Low
20,0,0,474,0,Benign,Low
39,0,0,279,0,Benign,Low
34,0,0,489,0,Benign,Low
20,0,0,187,0,Benign,Low
455,0,0,4810,1,Attack,High
32,0,0,161,0,Benign,Low
20,0,0,326,0,Benign,Low
58,0,0,419,0,Benign,Low
30,0,0,314,0,Benign,Low
55,0,0,378,0,Benign,Low
56,0,0,417,0,Benign,Low
57,0,0,293,0,Benign,Low
69,1,0,2995,1,Attack,High
439,0,1,4771,1,Attack,High
34,0,0,338,0,Benign,Low
73,0,0,348,0,Benign,Low
69,0,0,498,0,Benign,Low
22,0,0,357,0,Benign,Low
20,0,0,403,0,Benign,Low
20,0,0,367,0,Benign,Low
52,0,0,472,0,Benign,Low
66,0,0,188,0,Benign,Low
36,0,0,348,0,Benign,Low
314,1,0,2464,1,Attack,High
93,1,1,625,1,Attack,High
49,0,0,449,0,Benign,Low
19,0,0,114,0,Benign,Low
461,0,1,936,1,Attack,High
24,0,0,293,0,Benign,Low
19,0,0,379,0,Benign,Low
38,0,0,302,0,Benign,Low
52,0,0,119,0,Benign,Low
23,0,0,261,0,Benign,Low
71,0,0,465,0,Benign,Low
42,0,0,371,0,Benign,Low
29,0,0,387,0,Benign,Low
56,0,0,283,0,Benign,Low
53,0,0,124,0,Benign,Low
37,0,0,380,0,Benign,Low
458,1,1,1322,1,Attack,High
425,1,1,2369,1,Attack,High
71,0,0,237,0,Benign,Low
64,0,0,347,0,Benign,Low
33,0,0,483,0,Benign,Low
17,0,0,451,0,Benign,Low
34,0,0,475,0,Benign,Low
28,0,0,132,0,Benign,Low
40,0,0,105,0,Benign,Low
58,0,0,379,0,Benign,Low
13,0,0,263,0,Benign,Low
56,0,0,197,0,Benign,Low
221,0,0,2788,1,Attack,High
71,0,0,261,0,Benign,Low
59,0,0,238,0,Benign,Low
56,0,0,153,0,Benign,Low
56,0,0,112,0,Benign,Low
38,0,0,188,0,Benign,Low
43,0,0,463,0,Benign,Low
478,1,0,4541,1,Attack,High
191,0,1,4031,1,Attack,High
53,0,0,310,0,Benign,Low
59,0,0,222,0,Benign,Low
418,0,0,589,1,Benign,Low
463,1,1,4402,1,Attack,High
22,0,0,453,0,Benign,Low
73,0,0,452,0,Benign,Low
31,0,0,324,0,Benign,Low
364,0,1,3429,1,Attack,High
46,0,0,219,0,Benign,Low
69,0,0,480,0,Benign,Low
55,0,0,483,0,Benign,Low
73,0,0,376,0,Benign,Low
455,1,1,3555,1,Attack,High
45,0,0,473,0,Benign,Low
33,0,0,392,0,Benign,Low
345,1,1,3575,1,Attack,High
208,1,0,2518,1,Attack,High
66,0,0,329,0,Benign,Low
21,0,0,490,0,Benign,Low
28,0,0,419,0,Benign,Low
79,0,0,293,0,Benign,Low
25,0,0,275,0,Benign,Low
500,0,0,2727,1,Attack,High
262,0,1,4757,1,Attack,High
66,0,0,420,0,Benign,Low
434,1,1,4791,1,Attack,High
55,0,0,210,0,Benign,Low
76,0,0,353,0,Benign,Low
62,0,0,423,0,Benign,Low
257,0,1,2788,1,Attack,High
19,0,0,313,0,Benign,Low
191,0,0,3542,1,Attack,High
282,1,0,3893,1,Attack,High
42,0,0,340,0,Benign,Low
45,0,0,196,0,Benign,Low
52,0,0,304,0,Benign,Low
75,0,0,150,0,Benign,Low
22,0,0,268,0,Benign,Low
52,0,0,206,0,Benign,Low
53,0,0,363,0,Benign,Low
295,1,1,2218,1,Attack,High
67,0,0,470,0,Benign,Low
57,0,0,398,0,Benign,Low
60,0,0,146,0,Benign,Low
290,1,0,3697,1,Attack,High
79,0,0,354,0,Benign,Low
21,0,0,469,0,Benign,Low
32,0,0,399,0,Benign,Low
444,0,0,599,1,Benign,Low
49,0,0,462,0,Benign,Low
36,0,0,176,0,Benign,Low
34,0,0,405,0,Benign,Low
18,0,0,485,0,Benign,Low
71,0,0,475,0,Benign,Low
43,0,0,428,0,Benign,Low
75,0,0,126,0,Benign,Low
347,1,1,818,1,Attack,High
56,0,0,255,0,Benign,Low
57,0,0,359,0,Benign,Low
223,0,0,4467,1,Attack,High
323,0,1,1456,1,Attack,High
207,1,1,3203,1,Attack,High
38,0,0,221,0,Benign,Low
348,1,1,2602,1,Attack,High
75,0,0,422,0,Benign,Low
296,0,0,4389,1,Attack,High
70,0,0,132,0,Benign,Low
263,0,1,726,1,Attack,High
454,0,1,654,1,Attack,High
80,0,0,208,0,Benign,Low
496,1,1,1694,1,Attack,High
96,1,1,655,1,Attack,High
41,0,0,323,0,Benign,Low
65,0,0,126,0,Benign,Low
463,0,1,3688,1,Attack,High
56,0,0,127,0,Benign,Low
12,0,0,442,0,Benign,Low
11,0,0,368,0,Benign,Low
330,0,0,2060,1,Attack,High
66,1,1,4056,1,Attack,High
16,0,0,319,0,Benign,Low
58,0,0,287,0,Benign,Low
31,0,0,313,0,Benign,Low
26,0,0,140,0,Benign,Low
118,0,0,1523,1,Attack,High
316,0,0,2176,1,Attack,High
29,0,0,296,0,Benign,Low
63,0,0,348,0,Benign,Low
367,0,0,4190,1,Attack,High
51,0,0,487,0,Benign,Low
286,0,1,4495,1,Attack,High
278,1,0,2231,1,Attack,High
48,0,0,461,0,Benign,Low
283,0,0,1976,1,Attack,High
352,1,1,1714,1,Attack,High
70,0,0,182,0,Benign,Low
21,0,0,108,0,Benign,Low
79,0,0,4654,1,Attack,High
50,0,0,293,0,Benign,Low
52,0,0,302,0,Benign,Low
493,1,1,3984,1,Attack,High
36,0,0,219,0,Benign,Low
19,0,0,136,0,Benign,Low
449,0,0,1264,1,Attack,High
20,0,0,226,0,Benign,Low
361,0,1,2021,1,Attack,High
139,1,1,2140,1,Attack,High
15,0,0,369,0,Benign,Low
63,0,0,327,0,Benign,Low
31,0,0,239,0,Benign,Low
490,1,0,3991,1,Attack,High
26,0,0,270,0,Benign,Low
65,0,0,434,0,Benign,Low
80,0,0,459,0,Benign,Low
55,0,0,394,0,Benign,Low
268,0,1,2284,1,Attack,High
31,0,0,451,0,Benign,Low
50,0,0,351,0,Benign,Low
32,0,0,351,0,Benign,Low
29,0,0,313,0,Benign,Low
46,0,0,418,0,Benign,Low
26,0,0,167,0,Benign,Low
44,0,0,171,0,Benign,Low
245,1,0,3909,1,Attack,High
13,0,0,314,0,Benign,Low
442,0,0,3904,1,Attack,High
54,0,0,497,0,Benign,Low
80,0,0,210,0,Benign,Low
18,0,0,209,0,Benign,Low
72,0,0,355,0,Benign,Low
28,0,0,453,0,Benign,Low
67,0,0,277,0,Benign,Low
290,0,1,1181,1,Attack,High
37,0,0,360,0,Benign,Low
74,0,0,114,0,Benign,Low
23,0,0,432,0,Benign,Low
22,0,0,278,0,Benign,Low
462,0,0,4174,1,Attack,High
76,0,0,177,0,Benign,Low
54,0,0,386,0,Benign,Low
216,0,1,2383,1,Attack,High
20,0,0,475,0,Benign,Low
114,1,1,963,1,Attack,High
49,0,0,358,0,Benign,Low
11,0,0,249,0,Benign,Low
60,0,0,395,0,Benign,Low
50,0,0,461,0,Benign,Low
68,0,0,346,0,Benign,Low
421,0,0,1822,1,Attack,High
120,0,0,3667,1,Attack,High
80,0,0,261,0,Benign,Low
62,0,0,102,0,Benign,Low
122,0,0,3844,1,Attack,High
41,0,0,127,0,Benign,Low
478,0,1,2788,1,Attack,High
199,1,0,2040,1,Attack,High
29,0,0,284,0,Benign,Low
187,0,0,581,1,Benign,Low
46,0,0,286,0,Benign,Low
36,0,0,386,0,Benign,Low
17,0,0,297,0,Benign,Low
361,0,0,2692,1,Attack,High
20,0,0,137,0,Benign,Low
68,0,0,380,0,Benign,Low
67,0,0,413,0,Benign,Low
33,0,0,254,0,Benign,Low
142,0,1,987,1,Attack,High
297,0,0,2762,1,Attack,High
74,0,0,298,0,Benign,Low
215,1,0,697,1,Attack,High
250,0,1,1283,1,Attack,High
363,0,0,663,1,Attack,High
39,0,0,463,0,Benign,Low
309,0,1,3695,1,Attack,High
12,0,0,124,0,Benign,Low
21,0,0,101,0,Benign,Low
51,0,0,412,0,Benign,Low
244,0,1,3717,1,Attack,High
356,1,1,2922,1,Attack,High
69,0,0,477,0,Benign,Low
359,1,0,2416,1,Attack,High
122,0,1,2677,1,Attack,High
52,1,1,4009,1,Attack,High
42,0,0,395,0,Benign,Low
246,1,0,1150,1,Attack,High
12,0,0,134,0,Benign,Low
48,0,0,236,0,Benign,Low
442,0,1,1126,1,Attack,High
45,0,0,482,0,Benign,Low
373,0,0,1747,1,Attack,High
30,0,0,219,0,Benign,Low
31,0,0,293,0,Benign,Low
257,0,0,4770,1,Attack,High
34,0,0,401,0,Benign,Low
106,0,1,3616,1,Attack,High
11,0,0,365,0,Benign,Low
57,0,0,139,0,Benign,Low
31,0,0,228,0,Benign,Low
65,0,0,288,0,Benign,Low
71,0,0,341,0,Benign,Low
73,0,0,216,0,Benign,Low
13,0,0,160,0,Benign,Low
221,0,1,2965,1,Attack,High
74,0,0,142,0,Benign,Low
61,0,0,470,0,Benign,Low
16,0,0,133,0,Benign,Low
44,0,0,329,0,Benign,Low
79,0,0,102,0,Benign,Low
73,0,0,441,0,Benign,Low
23,0,0,417,0,Benign,Low
64,0,0,462,0,Benign,Low
448,1,1,1263,1,Attack,High
70,0,0,110,0,Benign,Low
23,0,0,153,0,Benign,Low
222,1,1,3547,1,Attack,High
55,0,0,409,0,Benign,Low
34,0,0,194,0,Benign,Low
70,1,1,4072,1,Attack,High
80,0,0,113,0,Benign,Low
22,0,0,450,0,Benign,Low
71,0,0,249,0,Benign,Low
52,0,0,323,0,Benign,Low
31,0,0,140,0,Benign,Low
66,0,0,192,0,Benign,Low
79,0,0,440,0,Benign,Low
58,0,0,439,0,Benign,Low
72,0,0,347,0,Benign,Low
48,0,0,385,0,Benign,Low
36,0,0,406,0,Benign,Low
165,1,1,3701,1,Attack,High
54,0,0,168,0,Benign,Low
71,0,0,438,0,Benign,Low
68,0,0,198,0,Benign,Low
380,0,0,4580,1,Attack,High
73,0,0,269,0,Benign,Low
198,0,0,1663,1,Attack,High
66,0,0,398,0,Benign,Low
53,0,0,212,0,Benign,Low
70,0,0,139,0,Benign,Low
52,0,0,376,0,Benign,Low
55,0,0,366,0,Benign,Low
62,0,0,319,0,Benign,Low
43,0,0,497,0,Benign,Low
68,0,0,310,0,Benign,Low
41,0,0,302,0,Benign,Low
239,1,0,4717,1,Attack,High
41,0,0,208,0,Benign,Low
372,0,0,3322,1,Attack,High
40,0,0,335,0,Benign,Low
11,0,0,183,0,Benign,Low
63,0,0,463,0,Benign,Low
28,0,0,345,0,Benign,Low
39,0,0,195,0,Benign,Low
64,0,0,423,0,Benign,Low
416,1,0,4409,1,Attack,High
243,1,1,2785,1,Attack,High
48,0,0,341,0,Benign,Low
77,0,0,192,0,Benign,Low
57,0,1,1502,1,Attack,High
60,0,0,478,0,Benign,Low
52,0,0,164,0,Benign,Low
24,0,0,186,0,Benign,Low
29,0,0,106,0,Benign,Low
50,0,0,288,0,Benign,Low
37,0,0,331,0,Benign,Low
81,1,0,4164,1,Attack,High
66,0,0,425,0,Benign,Low
477,1,1,3450,1,Attack,High
79,0,0,304,0,Benign,Low
191,1,1,4651,1,Attack,High
26,0,0,244,0,Benign,Low
41,0,0,351,0,Benign,Low
62,0,0,203,0,Benign,Low
250,1,1,620,1,Attack,High
69,0,0,320,0,Benign,Low
389,1,1,2143,1,Attack,High
419,1,1,2069,1,Attack,High
12,0,0,384,0,Benign,Low
49,0,0,492,0,Benign,Low
38,0,0,391,0,Benign,Low
19,0,0,120,0,Benign,Low
52,0,0,146,0,Benign,Low
495,1,0,3697,1,Attack,High
260,0,1,4537,1,Attack,High
34,0,0,100,0,Benign,Low
47,0,0,340,0,Benign,Low
77,0,0,283,0,Benign,Low
59,0,0,475,0,Benign,Low
227,1,0,1270,1,Attack,High
192,1,1,2335,1,Attack,High
391,0,1,4760,1,Attack,High
270,0,0,2297,1,Attack,High
40,0,0,103,0,Benign,Low
411,0,0,2158,1,Attack,High
80,0,0,386,0,Benign,Low
27,0,0,291,0,Benign,Low
31,0,0,173,0,Benign,Low
300,0,0,2409,1,Attack,High
425,1,1,3480,1,Attack,High
19,0,0,418,0,Benign,Low
483,0,0,3592,1,Attack,High
28,0,0,174,0,Benign,Low
22,0,0,362,0,Benign,Low
26,0,0,268,0,Benign,Low
385,0,0,3408,1,Attack,High
67,0,0,343,0,Benign,Low
36,0,0,159,0,Benign,Low
31,0,0,300,0,Benign,Low
122,0,0,2555,1,Attack,High
74,0,0,252,0,Benign,Low
39,0,0,210,0,Benign,Low
232,0,1,4634,1,Attack,High
70,0,0,393,0,Benign,Low
78,0,0,392,0,Benign,Low
23,0,0,141,0,Benign,Low
23,0,0,321,0,Benign,Low
491,1,0,1633,1,Attack,High
70,0,0,455,0,Benign,Low
46,0,0,203,0,Benign,Low
44,0,0,356,0,Benign,Low
21,0,0,192,0,Benign,Low
75,0,0,315,0,Benign,Low
79,0,0,266,0,Benign,Low
41,0,0,180,0,Benign,Low
26,0,0,457,0,Benign,Low
71,0,0,437,0,Benign,Low
13,0,0,377,0,Benign,Low
10,0,0,130,0,Benign,Low
33,0,0,323,0,Benign,Low
264,1,0,3487,1,Attack,High
118,0,0,2481,1,Attack,High
73,0,0,327,0,Benign,Low
472,0,1,3926,1,Attack,High
17,0,0,295,0,Benign,Low
56,0,0,200,0,Benign,Low
218,1,1,1016,1,Attack,High
12,0,0,166,0,Benign,Low
49,0,0,302,0,Benign,Low
45,0,0,148,0,Benign,Low
78,0,0,297,0,Benign,Low
69,0,0,458,0,Benign,Low
21,0,0,289,0,Benign,Low
14,0,0,271,0,Benign,Low
31,0,0,428,0,Benign,Low
167,1,0,1732,1,Attack,High
57,0,0,279,0,Benign,Low
15,0,0,256,0,Benign,Low
174,0,1,4809,1,Attack,High
67,0,0,154,0,Benign,Low
15,0,0,434,0,Benign,Low
71,0,1,1543,1,Attack,High
202,1,1,2218,1,Attack,High
35,0,0,345,0,Benign,Low
10,0,0,194,0,Benign,Low
28,0,0,303,0,Benign,Low
21,0,0,355,0,Benign,Low
16,0,0,230,0,Benign,Low
18,0,0,138,0,Benign,Low
335,1,0,1166,1,Attack,High
42,0,0,260,0,Benign,Low
271,1,1,986,1,Attack,High
78,0,0,219,0,Benign,Low
30,0,0,375,0,Benign,Low
316,1,0,968,1,Attack,High
276,1,1,1452,1,Attack,High
40,0,0,102,0,Benign,Low
477,0,1,4998,1,Attack,High
25,0,0,100,0,Benign,Low
37,0,0,206,0,Benign,Low
29,0,0,409,0,Benign,Low
24,0,0,255,0,Benign,Low
44,0,0,357,0,Benign,Low
186,1,1,3097,1,Attack,High
11,0,0,220,0,Benign,Low
42,0,0,180,0,Benign,Low
58,0,0,441,0,Benign,Low
373,1,0,1629,1,Attack,High
43,0,0,386,0,Benign,Low
35,0,0,202,0,Benign,Low
25,0,0,398,0,Benign,Low
53,0,0,308,0,Benign,Low
74,0,0,474,0,Benign,Low
80,0,0,468,0,Benign,Low
420,1,1,505,1,Attack,High
240,0,1,4400,1,Attack,High
59,0,0,352,0,Benign,Low
206,1,0,2738,1,Attack,High
296,0,1,4514,1,Attack,High
22,0,0,166,0,Benign,Low
27,0,0,316,0,Benign,Low
75,0,0,334,0,Benign,Low
48,0,0,206,0,Benign,Low
17,0,0,297,0,Benign,Low
43,0,0,419,0,Benign,Low
33,0,0,390,0,Benign,Low
76,0,0,282,0,Benign,Low
57,0,0,368,0,Benign,Low
43,0,0,432,0,Benign,Low
70,0,0,441,0,Benign,Low
57,0,0,163,0,Benign,Low
77,0,0,283,0,Benign,Low
20,0,0,180,0,Benign,Low
264,1,0,2459,1,Attack,High
66,0,0,180,0,Benign,Low
495,0,1,1825,1,Attack,High
323,1,0,1190,1,Attack,High
23,0,0,182,0,Benign,Low
145,0,0,4148,1,Attack,High
98,0,1,4634,1,Attack,High
398,1,0,3422,1,Attack,High
118,1,1,3638,1,Attack,High
378,1,0,4045,1,Attack,High
71,0,0,262,0,Benign,Low
466,1,0,3028,1,Attack,High
79,0,0,391,0,Benign,Low
61,0,0,213,0,Benign,Low
204,0,1,1613,1,Attack,High
53,0,0,451,0,Benign,Low
21,0,0,222,0,Benign,Low
15,0,0,357,0,Benign,Low
18,0,0,325,0,Benign,Low
53,0,0,358,0,Benign,Low
45,0,0,411,0,Benign,Low
302,0,1,3626,1,Attack,High
114,1,1,3682,1,Attack,High
57,0,0,143,0,Benign,Low
35,0,0,254,0,Benign,Low
36,0,0,459,0,Benign,Low
78,0,0,467,0,Benign,Low
60,0,0,399,0,Benign,Low
26,0,0,460,0,Benign,Low
345,1,1,1318,1,Attack,High
457,0,1,3872,1,Attack,High
51,0,0,446,0,Benign,Low
246,1,0,1635,1,Attack,High
26,0,0,150,0,Benign,Low
60,0,0,384,0,Benign,Low
11,0,0,405,0,Benign,Low
57,0,0,426,0,Benign,Low
36,0,0,493,0,Benign,Low
32,0,0,447,0,Benign,Low
75,0,0,348,0,Benign,Low
227,1,0,670,1,Attack,High
56,0,0,274,0,Benign,Low
77,0,0,233,0,Benign,Low
56,0,0,188,0,Benign,Low
432,1,0,2330,1,Attack,High
54,0,0,321,0,Benign,Low
69,0,0,318,0,Benign,Low
46,0,0,181,0,Benign,Low
261,0,1,1065,1,Attack,High
71,0,0,345,0,Benign,Low
19,0,0,257,0,Benign,Low
186,1,0,3989,1,Attack,High
311,1,1,1829,1,Attack,High
33,0,0,194,0,Benign,Low
45,0,0,480,0,Benign,Low
32,0,0,429,0,Benign,Low
32,0,0,446,0,Benign,Low
499,0,1,1369,1,Attack,High
356,0,0,1613,1,Attack,High
70,0,0,494,0,Benign,Low
310,1,1,2599,1,Attack,High
393,0,1,1435,1,Attack,High
75,0,0,492,0,Benign,Low
366,0,1,4679,1,Attack,High
73,0,0,449,0,Benign,Low
10,0,0,440,0,Benign,Low
376,1,0,4775,1,Attack,High
26,0,0,135,0,Benign,Low
47,0,0,257,0,Benign,Low
64,0,0,158,0,Benign,Low
58,0,0,215,0,Benign,Low
157,0,1,2076,1,Attack,High
65,0,0,107,0,Benign,Low
480,1,1,2270,1,Attack,High
59,0,0,106,0,Benign,Low
70,0,0,145,0,Benign,Low
239,1,0,4697,1,Attack,High
51,0,0,310,0,Benign,Low
56,0,0,259,0,Benign,Low
350,0,1,1944,1,Attack,High
13,0,0,326,0,Benign,Low
11,0,0,299,0,Benign,Low
12,0,0,403,0,Benign,Low
45,0,0,495,0,Benign,Low
39,0,0,262,0,Benign,Low
222,1,0,2290,1,Attack,High
244,1,1,2689,1,Attack,High
312,0,0,4981,1,Attack,High
15,0,0,495,0,Benign,Low
82,1,0,2819,1,Attack,High
28,0,0,143,0,Benign,Low
248,0,0,3612,1,Attack,High
46,0,0,450,0,Benign,Low
77,0,0,195,0,Benign,Low
56,0,0,174,0,Benign,Low
16,0,0,189,0,Benign,Low
223,0,1,2998,1,Attack,High
12,0,0,191,0,Benign,Low
315,0,0,3202,1,Attack,High
73,0,0,278,0,Benign,Low
76,0,0,167,0,Benign,Low
101,0,1,3214,1,Attack,High
63,0,0,151,0,Benign,Low
40,0,0,192,0,Benign,Low
144,0,0,4680,1,Attack,High
243,0,0,1134,1,Attack,High
75,0,0,457,0,Benign,Low
134,1,1,4574,1,Attack,High
409,1,1,4011,1,Attack,High
58,0,0,138,0,Benign,Low
78,0,0,1471,1,Attack,High
126,1,1,943,1,Attack,High
39,0,0,339,0,Benign,Low
76,0,0,207,0,Benign,Low
23,0,0,267,0,Benign,Low
252,1,0,3420,1,Attack,High
261,0,1,4744,1,Attack,High
71,0,0,475,0,Benign,Low
340,0,1,4535,1,Attack,High
52,0,0,277,0,Benign,Low
48,0,0,283,0,Benign,Low
24,0,0,355,0,Benign,Low
462,1,0,981,1,Attack,High
428,1,0,4125,1,Attack,High
35,0,0,442,0,Benign,Low
26,0,0,227,0,Benign,Low
48,0,0,353,0,Benign,Low
480,1,1,1264,1,Attack,High
496,1,0,4156,1,Attack,High
42,0,0,109,0,Benign,Low
75,0,0,416,0,Benign,Low
36,0,0,443,0,Benign,Low
72,0,0,442,0,Benign,Low
18,0,0,455,0,Benign,Low
24,0,0,179,0,Benign,Low
13,0,0,326,0,Benign,Low
61,0,0,308,0,Benign,Low
499,1,0,3047,1,Attack,High
72,0,0,477,0,Benign,Low
68,0,0,492,0,Benign,Low
56,0,0,1379,1,Benign,Low
31,0,0,326,0,Benign,Low
37,0,0,288,0,Benign,Low
27,0,0,488,0,Benign,Low
68,0,0,458,0,Benign,Low
63,0,0,404,0,Benign,Low
58,0,0,254,0,Benign,Low
444,0,1,2822,1,Attack,High
61,0,0,494,0,Benign,Low
324,0,1,4666,1,Attack,High
55,0,0,126,0,Benign,Low
318,0,1,3571,1,Attack,High
50,0,0,493,0,Benign,Low
61,0,0,330,0,Benign,Low
65,0,0,347,0,Benign,Low
66,0,0,166,0,Benign,Low
19,0,0,129,0,Benign,Low
66,0,0,473,0,Benign,Low
12,0,0,261,0,Benign,Low
16,0,0,106,0,Benign,Low
45,0,0,327,0,Benign,Low
223,0,1,3451,1,Attack,High
52,0,0,271,0,Benign,Low
297,0,0,4708,1,Attack,High
169,1,1,2321,1,Attack,High
50,0,0,212,0,Benign,Low
42,0,0,299,0,Benign,Low
41,0,0,499,0,Benign,Low
46,0,0,322,0,Benign,Low
10,0,0,136,0,Benign,Low
139,1,1,2888,1,Attack,High
35,0,0,361,0,Benign,Low
460,1,0,1590,1,Attack,High
59,0,0,127,0,Benign,Low
136,0,1,3306,1,Attack,High
51,0,0,309,0,Benign,Low
95,1,0,4930,1,Attack,High
63,0,0,157,0,Benign,Low
195,1,0,4338,1,Attack,High
71,1,0,1597,1,Attack,High
369,0,0,1657,1,Attack,High
384,1,1,2027,1,Attack,High
15,0,0,329,0,Benign,Low
14,0,0,147,0,Benign,Low
134,0,0,3409,1,Attack,High
44,0,0,354,0,Benign,Low
57,0,0,190,0,Benign,Low
21,0,0,322,0,Benign,Low
11,0,0,288,0,Benign,Low
298,0,0,4552,1,Attack,High
38,0,0,420,0,Benign,Low
70,0,0,239,0,Benign,Low
184,0,0,2091,1,Attack,High
68,0,0,226,0,Benign,Low
13,0,0,277,0,Benign,Low
57,0,0,271,0,Benign,Low
71,0,0,4229,1,Attack,High
122,1,0,4639,1,Attack,High
18,0,0,192,0,Benign,Low
32,0,0,418,0,Benign,Low
69,0,0,384,0,Benign,Low
67,0,0,469,0,Benign,Low
20,0,0,341,0,Benign,Low
13,0,0,383,0,Benign,Low
331,1,1,1607,1,Attack,High
11,0,0,447,0,Benign,Low
41,0,0,500,0,Benign,Low
38,0,0,321,0,Benign,Low
35,0,0,141,0,Benign,Low
18,0,0,348,0,Benign,Low
123,1,1,1500,1,Attack,High
451,0,1,4876,1,Attack,High
387,0,0,2672,1,Attack,High
370,1,0,3779,1,Attack,High
10,0,0,122,0,Benign,Low
454,0,1,624,1,Attack,High
41,0,0,111,0,Benign,Low
183,0,0,2041,1,Attack,High
12,0,0,433,0,Benign,Low
62,0,0,134,0,Benign,Low
31,0,0,269,0,Benign,Low
41,0,0,199,0,Benign,Low
111,1,0,3457,1,Attack,High
95,0,0,3648,1,Attack,High
13,0,0,122,0,Benign,Low
25,0,0,360,0,Benign,Low
70,0,0,264,0,Benign,Low
14,0,0,339,0,Benign,Low
56,0,0,382,0,Benign,Low
65,0,0,480,0,Benign,Low
174,1,0,4036,1,Attack,High
147,0,1,1957,1,Attack,High
27,0,0,199,0,Benign,Low
10,0,0,130,0,Benign,Low
488,0,1,1348,1,Attack,High
21,0,0,458,0,Benign,Low
77,0,0,434,0,Benign,Low
421,0,0,2652,1,Attack,High
38,0,0,291,0,Benign,Low
372,1,0,2254,1,Attack,High
425,1,1,1105,1,Attack,High
215,1,0,3071,1,Attack,High
273,0,1,2758,1,Attack,High
71,0,0,422,0,Benign,Low
19,0,0,281,0,Benign,Low
25,0,0,234,0,Benign,Low
426,0,0,2073,1,Attack,High
285,1,0,566,1,Benign,Low
487,1,0,4915,1,Attack,High
33,0,0,279,0,Benign,Low
298,1,0,1823,1,Attack,High
49,0,0,466,0,Benign,Low
448,1,0,1629,1,Attack,High
57,0,0,371,0,Benign,Low
84,0,1,3145,1,Attack,High
60,0,0,459,0,Benign,Low
24,0,0,328,0,Benign,Low
77,0,0,463,0,Benign,Low
39,0,0,233,0,Benign,Low
21,0,0,299,0,Benign,Low
468,0,0,2867,1,Attack,High
28,0,0,102,0,Benign,Low
11,0,0,448,0,Benign,Low
52,0,0,134,0,Benign,Low
448,1,0,4326,1,Attack,High
52,0,1,2164,1,Attack,High
22,0,0,174,0,Benign,Low
43,0,0,169,0,Benign,Low
419,1,1,2992,1,Attack,High
37,0,0,187,0,Benign,Low
65,0,0,446,0,Benign,Low
21,0,0,385,0,Benign,Low
360,0,1,679,1,Attack,High
68,0,0,496,0,Benign,Low
26,0,0,493,0,Benign,Low
110,0,1,2181,1,Attack,High
438,0,1,3988,1,Attack,High
283,0,0,1849,1,Attack,High
48,0,0,245,0,Benign,Low
56,0,0,378,0,Benign,Low
29,0,0,161,0,Benign,Low
48,0,0,384,0,Benign,Low
443,0,0,4006,1,Attack,High
47,0,0,222,0,Benign,Low
70,1,1,3555,1,Attack,High
65,0,0,249,0,Benign,Low
53,0,0,404,0,Benign,Low
47,0,0,341,0,Benign,Low
24,0,0,150,0,Benign,Low
37,0,0,192,0,Benign,Low
353,0,1,1671,1,Attack,High
60,0,0,405,0,Benign,Low
98,1,1,1177,1,Attack,High
171,1,0,2629,1,Attack,High
74,0,0,198,0,Benign,Low
377,1,0,3736,1,Attack,High
40,0,0,248,0,Benign,Low
295,1,1,4650,1,Attack,High
59,0,0,150,0,Benign,Low
47,0,0,407,0,Benign,Low
68,0,0,249,0,Benign,Low
62,0,0,242,0,Benign,Low
418,0,0,4661,1,Attack,High
35,0,0,426,0,Benign,Low
258,1,1,3591,1,Attack,High
46,0,0,388,0,Benign,Low
372,0,0,4298,1,Attack,High
63,0,0,500,0,Benign,Low
120,0,1,1409,1,Attack,High
15,0,0,233,0,Benign,Low
67,0,0,4554,1,Attack,High
38,0,0,106,0,Benign,Low
216,0,0,4920,1,Attack,High
123,0,0,1070,1,Attack,High
41,0,0,283,0,Benign,Low
79,0,0,435,0,Benign,Low
18,0,0,108,0,Benign,Low
12,0,0,435,0,Benign,Low
44,0,0,466,0,Benign,Low
382,1,0,3223,1,Attack,High
60,0,0,219,0,Benign,Low
34,0,0,268,0,Benign,Low
73,0,0,4047,1,Attack,High
27,0,0,262,0,Benign,Low
34,0,0,184,0,Benign,Low
423,0,0,2590,1,Attack,High
76,0,0,408,0,Benign,Low
215,1,1,2596,1,Attack,High
426,0,1,3155,1,Attack,High
22,0,0,436,0,Benign,Low
12,0,0,323,0,Benign,Low
227,0,0,3605,1,Attack,High
65,0,0,492,0,Benign,Low
78,0,0,310,0,Benign,Low
106,0,0,2025,1,Attack,High
61,0,0,260,0,Benign,Low
66,0,0,266,0,Benign,Low
178,1,1,3565,1,Attack,High
69,1,0,737,1,Benign,Low
13,0,0,232,0,Benign,Low
27,0,0,322,0,Benign,Low
423,1,0,4998,1,Attack,High
51,0,0,472,0,Benign,Low
50,1,1,2682,1,Attack,High
33,0,0,366,0,Benign,Low
198,1,0,2502,1,Attack,High
32,0,0,111,0,Benign,Low
39,0,0,243,0,Benign,Low
60,0,0,184,0,Benign,Low
37,0,0,109,0,Benign,Low
299,1,0,3697,1,Attack,High
26,0,0,457,0,Benign,Low
451,1,0,1969,1,Attack,High
26,0,0,298,0,Benign,Low
75,0,0,255,0,Benign,Low
255,0,1,1240,1,Attack,High
12,0,0,344,0,Benign,Low
41,0,0,111,0,Benign,Low
45,0,0,271,0,Benign,Low
29,0,0,351,0,Benign,Low
11,0,0,116,0,Benign,Low
48,0,0,176,0,Benign,Low
44,0,0,456,0,Benign,Low
76,0,0,276,0,Benign,Low
303,0,1,822,1,Attack,High
30,0,0,201,0,Benign,Low
63,0,0,327,0,Benign,Low
38,0,0,227,0,Benign,Low
92,0,1,4682,1,Attack,High
70,0,0,497,0,Benign,Low
63,0,0,146,0,Benign,Low
48,0,0,281,0,Benign,Low
74,0,0,488,0,Benign,Low
363,0,1,896,1,Attack,High
29,0,0,248,0,Benign,Low
18,0,0,395,0,Benign,Low
23,0,0,129,0,Benign,Low
48,0,0,399,0,Benign,Low
22,0,0,224,0,Benign,Low
34,0,0,234,0,Benign,Low
35,0,0,484,0,Benign,Low
83,1,1,3819,1,Attack,High
16,0,0,243,0,Benign,Low
41,0,0,408,0,Benign,Low
60,0,0,288,0,Benign,Low
63,0,0,363,0,Benign,Low
278,1,1,1778,1,Attack,High
41,0,0,409,0,Benign,Low
149,1,0,3410,1,Attack,High
70,0,0,183,0,Benign,Low
59,0,0,386,0,Benign,Low
65,0,0,173,0,Benign,Low
24,0,0,153,0,Benign,Low
363,1,0,4527,1,Attack,High
54,0,0,424,0,Benign,Low
110,1,1,4178,1,Attack,High
54,0,0,246,0,Benign,Low
30,0,0,340,0,Benign,Low
11,0,0,217,0,Benign,Low
59,0,0,384,0,Benign,Low
22,0,0,111,0,Benign,Low
37,0,0,449,0,Benign,Low
54,0,0,141,0,Benign,Low
24,0,0,415,0,Benign,Low
135,1,1,4639,1,Attack,High
107,0,0,4461,1,Attack,High
61,0,0,285,0,Benign,Low
170,0,0,3895,1,Attack,High
30,0,0,384,0,Benign,Low
33,0,0,358,0,Benign,Low
117,0,1,3597,1,Attack,High
386,0,1,3351,1,Attack,High
28,0,0,424,0,Benign,Low
356,0,0,526,1,Benign,Low
69,0,0,320,0,Benign,Low
96,1,0,975,1,Attack,High
42,0,0,266,0,Benign,Low
54,0,0,342,0,Benign,Low
167,1,0,2054,1,Attack,High
65,0,0,456,0,Benign,Low
75,0,0,196,0,Benign,Low
53,0,0,308,0,Benign,Low
15,0,0,184,0,Benign,Low
425,1,0,3284,1,Attack,High
381,1,1,4322,1,Attack,High
34,0,0,419,0,Benign,Low
39,0,0,476,0,Benign,Low
245,0,1,2747,1,Attack,High
401,0,1,871,1,Attack,High
21,0,0,309,0,Benign,Low
66,0,0,263,0,Benign,Low
13,0,0,156,0,Benign,Low
57,0,0,466,0,Benign,Low
70,0,0,243,0,Benign,Low
57,0,0,123,0,Benign,Low
80,0,0,447,0,Benign,Low
37,0,0,493,0,Benign,Low
30,0,0,143,0,Benign,Low
22,0,0,165,0,Benign,Low
56,0,0,151,0,Benign,Low
119,0,0,1531,1,Attack,High
65,0,0,473,0,Benign,Low
67,0,0,482,0,Benign,Low
44,0,0,129,0,Benign,Low
70,0,0,381,0,Benign,Low
90,1,1,2857,1,Attack,High
79,0,0,382,0,Benign,Low
67,0,0,252,0,Benign,Low
32,0,0,463,0,Benign,Low
433,0,0,1717,1,Attack,High
11,0,0,300,0,Benign,Low
72,0,0,300,0,Benign,Low
17,0,0,402,0,Benign,Low
10,0,0,130,0,Benign,Low
408,1,1,4085,1,Attack,High
74,0,0,140,0,Benign,Low
44,0,0,428,0,Benign,Low
72,0,0,351,0,Benign,Low
404,1,1,2885,1,Attack,High
55,0,0,419,0,Benign,Low
66,0,0,368,0,Benign,Low
298,1,0,2833,1,Attack,High
95,0,1,4642,1,Attack,High
393,0,0,4317,1,Attack,High
16,0,0,101,0,Benign,Low
485,1,1,2508,1,Attack,High
61,0,0,409,0,Benign,Low
72,0,0,116,0,Benign,Low
329,1,0,4516,1,Attack,High
75,0,0,376,0,Benign,Low
77,0,0,361,0,Benign,Low
64,0,0,329,0,Benign,Low
37,0,0,399,0,Benign,Low
25,0,0,306,0,Benign,Low
154,1,1,3404,1,Attack,High
213,1,1,3139,1,Attack,High
27,0,0,301,0,Benign,Low
33,0,0,434,0,Benign,Low
47,0,0,108,0,Benign,Low
50,0,0,162,0,Benign,Low
69,0,0,115,0,Benign,Low
59,0,0,343,0,Benign,Low
70,0,0,202,0,Benign,Low
42,0,0,111,0,Benign,Low
79,0,0,379,0,Benign,Low
66,0,0,148,0,Benign,Low
444,1,1,4013,1,Attack,High
70,0,0,446,0,Benign,Low
10,0,0,420,0,Benign,Low
41,0,0,216,0,Benign,Low
65,0,0,188,0,Benign,Low
78,0,0,141,0,Benign,Low
147,1,1,1340,1,Attack,High
47,0,0,325,0,Benign,Low
179,1,0,2676,1,Attack,High
26,0,0,302,0,Benign,Low
31,0,0,117,0,Benign,Low
27,0,0,327,0,Benign,Low
473,0,1,3965,1,Attack,High
47,0,0,125,0,Benign,Low
219,1,0,808,1,Attack,High
290,0,0,4586,1,Attack,High
54,0,0,464,0,Benign,Low
55,0,0,179,0,Benign,Low
74,0,0,239,0,Benign,Low
11,0,0,260,0,Benign,Low
18,0,0,206,0,Benign,Low
488,1,1,2788,1,Attack,High
72,0,0,112,0,Benign,Low
84,0,1,720,1,Attack,High
48,0,0,158,0,Benign,Low
331,0,1,4480,1,Attack,High
393,0,1,2396,1,Attack,High
41,0,0,355,0,Benign,Low
36,0,0,421,0,Benign,Low
59,0,0,233,0,Benign,Low
41,0,0,442,0,Benign,Low
332,0,1,1279,1,Attack,High
61,0,0,145,0,Benign,Low
71,0,0,418,0,Benign,Low
296,1,0,1856,1,Attack,High
35,0,0,422,0,Benign,Low
42,0,0,490,0,Benign,Low
79,0,0,365,0,Benign,Low
323,1,1,3580,1,Attack,High
337,1,1,4788,1,Attack,High
74,0,0,272,0,Benign,Low
65,0,0,452,0,Benign,Low
10,0,0,324,0,Benign,Low
40,0,0,248,0,Benign,Low
50,0,0,239,0,Benign,Low
33,0,0,219,0,Benign,Low
69,0,0,346,0,Benign,Low
16,0,0,109,0,Benign,Low
65,0,0,171,0,Benign,Low
66,1,0,551,1,Benign,Low
58,0,0,413,0,Benign,Low
10,0,0,288,0,Benign,Low
16,0,0,469,0,Benign,Low
75,0,0,1354,1,Attack,High
22,0,0,108,0,Benign,Low
39,0,0,457,0,Benign,Low
16,0,0,349,0,Benign,Low
42,0,0,181,0,Benign,Low
116,1,0,2704,1,Attack,High
67,0,0,338,0,Benign,Low
64,0,0,310,0,Benign,Low
18,0,0,493,0,Benign,Low
67,0,0,428,0,Benign,Low
379,1,0,2141,1,Attack,High
489,0,1,2007,1,Attack,High
491,0,0,3848,1,Attack,High
161,0,0,1169,1,Attack,High
77,0,0,188,0,Benign,Low
11,0,0,310,0,Benign,Low
44,0,0,229,0,Benign,Low
358,1,0,2278,1,Attack,High
215,1,1,4847,1,Attack,High
32,0,0,219,0,Benign,Low
237,0,0,1767,1,Attack,High
347,1,1,4594,1,Attack,High
44,0,0,179,0,Benign,Low
68,0,0,404,0,Benign,Low
14,0,0,317,0,Benign,Low
31,0,0,324,0,Benign,Low
41,0,0,115,0,Benign,Low
15,0,0,306,0,Benign,Low
27,0,0,200,0,Benign,Low
180,0,1,4771,1,Attack,High
34,0,0,129,0,Benign,Low
71,0,0,334,0,Benign,Low
34,0,0,251,0,Benign,Low
340,1,0,4772,1,Attack,High
60,0,0,115,0,Benign,Low
69,0,0,436,0,Benign,Low
17,0,0,438,0,Benign,Low
70,0,0,100,0,Benign,Low
48,0,0,198,0,Benign,Low
160,0,0,1744,1,Attack,High
14,0,0,153,0,Benign,Low
149,1,0,1911,1,Attack,High
65,0,0,201,0,Benign,Low
66,0,0,393,0,Benign,Low
51,0,0,304,0,Benign,Low
49,0,0,407,0,Benign,Low
42,0,0,356,0,Benign,Low
59,0,0,429,0,Benign,Low
262,1,1,2550,1,Attack,High
59,0,0,436,0,Benign,Low
39,0,0,200,0,Benign,Low
38,0,0,360,0,Benign,Low
36,0,0,142,0,Benign,Low
66,0,0,486,0,Benign,Low
62,0,0,120,0,Benign,Low
142,0,0,823,1,Attack,High
55,0,0,443,0,Benign,Low
158,0,1,2846,1,Attack,High
45,0,0,356,0,Benign,Low
44,0,0,406,0,Benign,Low
20,0,0,457,0,Benign,Low
72,0,0,102,0,Benign,Low
134,0,1,2597,1,Attack,High
454,1,0,2665,1,Attack,High
448,1,0,3697,1,Attack,High
23,0,0,189,0,Benign,Low
169,0,0,614,1,Attack,High
69,0,0,408,0,Benign,Low
13,0,0,361,0,Benign,Low
40,0,0,301,0,Benign,Low
66,0,0,384,0,Benign,Low
129,0,0,3312,1,Attack,High
153,1,1,1007,1,Attack,High
60,0,0,149,0,Benign,Low
341,1,0,1448,1,Attack,High
61,0,0,439,0,Benign,Low
64,0,0,441,0,Benign,Low
63,0,0,419,0,Benign,Low
63,0,0,459,0,Benign,Low
17,0,0,382,0,Benign,Low
78,0,0,438,0,Benign,Low
334,1,0,1570,1,Attack,High
10,0,0,147,0,Benign,Low
55,0,0,103,0,Benign,Low
381,1,1,1746,1,Attack,High
74,0,1,4827,1,Attack,High
270,0,0,3335,1,Attack,High
93,0,1,3473,1,Attack,High
47,0,0,295,0,Benign,Low
114,0,0,2638,1,Attack,High
54,0,0,182,0,Benign,Low
16,0,0,364,0,Benign,Low
22,0,0,269,0,Benign,Low
286,1,1,1014,1,Attack,High
275,0,1,4859,1,Attack,High
31,0,0,247,0,Benign,Low
56,0,0,407,0,Benign,Low
352,0,0,1253,1,Attack,High
270,0,1,4871,1,Attack,High
80,0,0,328,0,Benign,Low
77,0,0,124,0,Benign,Low
18,0,0,344,0,Benign,Low
42,0,0,234,0,Benign,Low
13,0,0,366,0,Benign,Low
75,0,0,130,0,Benign,Low
450,1,1,2450,1,Attack,High
41,0,0,301,0,Benign,Low
500,0,0,586,1,Benign,Low
215,1,1,3646,1,Attack,High
68,0,0,397,0,Benign,Low
55,0,0,250,0,Benign,Low
17,0,0,149,0,Benign,Low
29,0,0,293,0,Benign,Low
67,0,0,467,0,Benign,Low
26,0,0,366,0,Benign,Low
432,0,1,4281,1,Attack,High
60,0,0,469,0,Benign,Low
42,0,0,310,0,Benign,Low
54,0,0,421,0,Benign,Low
31,0,0,365,0,Benign,Low
63,0,0,325,0,Benign,Low
373,1,0,2023,1,Attack,High
236,1,1,643,1,Attack,High
46,0,0,283,0,Benign,Low
250,1,0,2789,1,Attack,High
66,0,0,443,0,Benign,Low
50,0,0,388,0,Benign,Low
38,0,0,408,0,Benign,Low
322,0,0,2218,1,Attack,High
451,0,1,3439,1,Attack,High
77,0,0,232,0,Benign,Low
62,0,0,378,0,Benign,Low
23,0,0,194,0,Benign,Low
72,0,0,197,0,Benign,Low
24,0,0,346,0,Benign,Low
30,0,0,108,0,Benign,Low
79,0,0,304,0,Benign,Low
32,0,0,331,0,Benign,Low
63,0,0,442,0,Benign,Low
26,0,0,202,0,Benign,Low
17,0,0,183,0,Benign,Low
200,0,1,3252,1,Attack,High
80,0,0,205,0,Benign,Low
76,0,0,215,0,Benign,Low
18,0,0,490,0,Benign,Low
46,0,0,298,0,Benign,Low
60,0,0,342,0,Benign,Low
31,0,0,412,0,Benign,Low
45,0,0,155,0,Benign,Low
69,0,0,224,0,Benign,Low
29,0,0,199,0,Benign,Low
74,0,0,117,0,Benign,Low
77,0,0,499,0,Benign,Low
26,0,0,242,0,Benign,Low
16,0,0,241,0,Benign,Low
17,0,0,314,0,Benign,Low
196,1,0,2792,1,Attack,High
396,0,0,1798,1,Attack,High
72,0,0,211,0,Benign,Low
31,0,0,221,0,Benign,Low
47,0,0,246,0,Benign,Low
69,0,0,219,0,Benign,Low
76,0,0,327,0,Benign,Low
478,1,1,1673,1,Attack,High
56,0,0,239,0,Benign,Low
434,1,1,979,1,Attack,High
79,0,0,207,0,Benign,Low
50,0,0,396,0,Benign,Low
164,0,1,1670,1,Attack,High
64,0,0,442,0,Benign,Low
37,0,0,423,0,Benign,Low
17,0,0,420,0,Benign,Low
45,0,0,220,0,Benign,Low
45,0,0,134,0,Benign,Low
265,0,0,3852,1,Attack,High
12,0,0,466,0,Benign,Low
59,0,0,297,0,Benign,Low
51,0,0,301,0,Benign,Low
70,0,0,187,0,Benign,Low
422,1,1,4006,1,Attack,High
24,0,0,499,0,Benign,Low
26,0,0,158,0,Benign,Low
50,1,0,4926,1,Benign,Low
79,0,0,461,0,Benign,Low
64,0,0,431,0,Benign,Low
13,0,0,463,0,Benign,Low
22,0,0,445,0,Benign,Low
48,0,0,405,0,Benign,Low
50,0,0,340,0,Benign,Low
74,0,1,1749,1,Attack,High
417,1,0,4024,1,Attack,High
64,0,0,402,0,Benign,Low
62,0,0,334,0,Benign,Low
32,0,0,209,0,Benign,Low
78,0,0,162,0,Benign,Low
151,1,0,1703,1,Attack,High
70,1,0,4235,1,Attack,High
79,0,0,308,0,Benign,Low
50,1,0,4549,1,Benign,Low
21,0,0,226,0,Benign,Low
133,0,0,3751,1,Attack,High
40,0,0,113,0,Benign,Low
44,0,0,483,0,Benign,Low
154,0,0,4728,1,Attack,High
293,1,0,3494,1,Attack,High
78,0,0,170,0,Benign,Low
29,0,0,246,0,Benign,Low
53,0,0,257,0,Benign,Low
75,0,0,127,0,Benign,Low
471,0,1,3388,1,Attack,High
325,0,1,672,1,Attack,High
446,1,0,2487,1,Attack,High
311,0,1,1911,1,Attack,High
51,0,0,291,0,Benign,Low
74,0,0,408,0,Benign,Low
17,0,0,399,0,Benign,Low
78,0,0,194,0,Benign,Low
77,0,0,311,0,Benign,Low
59,0,0,114,0,Benign,Low
16,0,0,393,0,Benign,Low
75,0,0,455,0,Benign,Low
56,0,0,335,0,Benign,Low
76,1,1,3523,1,Attack,High
37,0,0,297,0,Benign,Low
75,0,0,381,0,Benign,Low
66,0,0,211,0,Benign,Low
285,0,1,4300,1,Attack,High
22,0,0,265,0,Benign,Low
17,0,0,169,0,Benign,Low
77,1,0,2066,1,Attack,High
37,0,0,187,0,Benign,Low
20,0,0,340,0,Benign,Low
13,0,0,215,0,Benign,Low
57,0,0,346,0,Benign,Low
281,1,0,873,1,Attack,High
28,0,0,284,0,Benign,Low
63,0,0,401,0,Benign,Low
78,0,0,252,0,Benign,Low
28,0,0,492,0,Benign,Low
257,0,0,2365,1,Attack,High
327,1,1,3848,1,Attack,High
58,0,0,481,0,Benign,Low
400,0,0,3639,1,Attack,High
147,0,0,2591,1,Attack,High
15,0,0,456,0,Benign,Low
200,1,1,813,1,Attack,High
42,0,0,171,0,Benign,Low
64,0,0,435,0,Benign,Low
423,0,0,3375,1,Attack,High
77,0,0,467,0,Benign,Low
67,0,0,489,0,Benign,Low
49,0,0,110,0,Benign,Low
69,0,0,242,0,Benign,Low
253,1,0,1157,1,Attack,High
14,0,0,455,0,Benign,Low
62,0,0,143,0,Benign,Low
59,1,0,4176,1,Benign,Low
342,0,1,4087,1,Attack,High
75,0,0,415,0,Benign,Low
60,0,0,306,0,Benign,Low
346,0,1,1339,1,Attack,High
480,1,0,1998,1,Attack,High
327,1,1,4842,1,Attack,High
38,0,0,267,0,Benign,Low
53,0,0,116,0,Benign,Low
480,0,0,3462,1,Attack,High
78,0,0,384,0,Benign,Low
67,0,0,334,0,Benign,Low
284,0,0,1752,1,Attack,High
55,0,0,427,0,Benign,Low
327,1,1,4296,1,Attack,High
38,0,0,120,0,Benign,Low
25,0,0,223,0,Benign,Low
440,1,1,3234,1,Attack,High
47,0,0,197,0,Benign,Low
45,0,0,422,0,Benign,Low
284,1,1,1209,1,Attack,High
24,0,0,142,0,Benign,Low
21,0,0,287,0,Benign,Low
128,0,0,3624,1,Attack,High
32,0,0,250,0,Benign,Low
152,0,1,1701,1,Attack,High
40,0,0,350,0,Benign,Low
79,0,0,136,0,Benign,Low
73,0,0,227,0,Benign,Low
64,1,0,1793,1,Attack,High
76,0,0,364,0,Benign,Low
386,1,1,4652,1,Attack,High
26,0,0,311,0,Benign,Low
43,0,0,307,0,Benign,Low
30,0,0,459,0,Benign,Low
38,0,0,315,0,Benign,Low
41,0,0,185,0,Benign,Low
21,0,0,432,0,Benign,Low
50,0,0,273,0,Benign,Low
292,1,1,3428,1,Attack,High
90,1,0,3266,1,Attack,High
177,0,1,2061,1,Attack,High
49,0,0,428,0,Benign,Low
32,0,0,399,0,Benign,Low
75,0,0,125,0,Benign,Low
34,0,0,174,0,Benign,Low
264,1,1,4444,1,Attack,High
68,0,0,265,0,Benign,Low
63,0,0,146,0,Benign,Low
58,0,0,313,0,Benign,Low
65,0,0,292,0,Benign,Low
278,0,1,861,1,Attack,High
70,0,0,136,0,Benign,Low
69,0,0,313,0,Benign,Low
254,1,0,2242,1,Attack,High
62,0,0,198,0,Benign,Low
20,0,0,343,0,Benign,Low
80,0,0,476,0,Benign,Low
52,0,0,668,1,Benign,Low
148,0,0,1763,1,Attack,High
22,0,0,467,0,Benign,Low
61,0,0,351,0,Benign,Low
60,0,0,435,0,Benign,Low
492,0,1,2683,1,Attack,High
13,0,0,499,0,Benign,Low
271,1,1,1754,1,Attack,High
443,1,1,4992,1,Attack,High
75,0,0,405,0,Benign,Low
48,0,0,482,0,Benign,Low
141,0,1,3685,1,Attack,High
49,0,0,464,0,Benign,Low
21,0,0,418,0,Benign,Low
47,0,0,447,0,Benign,Low
48,0,0,393,0,Benign,Low
29,0,0,466,0,Benign,Low
10,0,0,324,0,Benign,Low
104,1,0,1157,1,Attack,High
26,0,0,134,0,Benign,Low
53,0,0,316,0,Benign,Low
80,0,0,317,0,Benign,Low
322,0,0,1712,1,Attack,High
25,0,0,462,0,Benign,Low
66,0,0,447,0,Benign,Low
61,0,0,196,0,Benign,Low
59,0,0,459,0,Benign,Low
60,0,1,3206,1,Attack,High
26,0,0,151,0,Benign,Low
49,0,0,342,0,Benign,Low
34,0,0,247,0,Benign,Low
27,0,0,370,0,Benign,Low
221,0,0,1446,1,Attack,High
135,1,0,4171,1,Attack,High
39,0,0,497,0,Benign,Low
32,0,0,447,0,Benign,Low
34,0,0,214,0,Benign,Low
70,0,0,452,0,Benign,Low
10,0,0,169,0,Benign,Low
14,0,0,492,0,Benign,Low
73,0,0,143,0,Benign,Low
32,0,0,156,0,Benign,Low
17,0,0,173,0,Benign,Low
66,0,0,236,0,Benign,Low
71,0,0,384,0,Benign,Low
115,0,0,543,1,Benign,Low
75,0,0,132,0,Benign,Low
55,0,0,225,0,Benign,Low
41,0,0,292,0,Benign,Low
78,0,0,320,0,Benign,Low
23,0,0,278,0,Benign,Low
263,0,1,2372,1,Attack,High
50,1,0,3999,1,Benign,Low
29,0,0,291,0,Benign,Low
26,0,0,457,0,Benign,Low
472,1,0,4466,1,Attack,High
341,1,0,2646,1,Attack,High
16,0,0,364,0,Benign,Low
