duration,protocol_type,service,flag,src_bytes,dst_bytes,count,same_srv_rate,label
1335,tcp,ftp_data,REJ,36340,48898,194,0.1,normal
1876,tcp,http,S0,48770,60380,181,0.1,portsweep
18,tcp,telnet,SF,207,875,4,1.0,normal
562,icmp,telnet,REJ,42507,25010,222,0.1,saint
1,tcp,ftp,SF,543,1153,9,1.0,portsweep
1039,icmp,http,S0,17204,23441,159,0.1,neptune
30,udp,telnet,SF,338,808,9,1.0,normal
15,icmp,telnet,SF,283,372,2,1.0,normal
647,udp,smtp,S0,43774,59360,187,0.1,neptune
10,udp,ftp,SF,438,865,7,1.0,normal
1270,udp,ssh,S0,46119,78910,151,0.1,normal
1381,icmp,other,REJ,39849,42623,252,0.1,neptune
35,udp,smtp,SF,506,754,7,1.0,normal
1669,udp,http,REJ,10310,54861,218,0.1,portsweep
3,udp,private,SF,424,359,2,1.0,normal
11,udp,telnet,SF,268,1359,6,1.0,mscan
18,udp,smtp,SF,230,1483,8,1.0,normal
19,udp,other,SF,364,147,1,1.0,normal
39,icmp,other,SF,567,280,9,1.0,normal
24,udp,telnet,SF,416,650,5,1.0,mscan
27,icmp,http,SF,170,1392,9,1.0,normal
21,icmp,ftp_data,SF,199,332,7,1.0,portsweep
19,udp,smtp,SF,174,581,1,1.0,normal
6,icmp,ssh,SF,415,143,3,1.0,saint
10,udp,ssh,SF,330,1484,3,1.0,normal
37,udp,ftp,SF,225,430,1,1.0,normal
1552,udp,ssh,S0,19275,79202,238,0.1,neptune
18,tcp,ssh,SF,352,739,8,1.0,normal
18,tcp,smtp,SF,134,1176,9,1.0,normal
25,udp,http,SF,198,547,9,1.0,normal
879,tcp,http,S0,17794,24921,215,0.1,portsweep
1727,icmp,telnet,REJ,24957,76979,176,0.1,neptune
17,icmp,other,SF,74,922,2,1.0,normal
39,udp,ftp_data,SF,251,179,6,1.0,normal
1905,tcp,http,S0,33825,34254,187,0.1,neptune
34,udp,private,SF,531,981,5,1.0,normal
11,tcp,other,SF,339,390,7,1.0,normal
1755,tcp,ssh,S0,27457,56782,153,0.1,normal
24,icmp,other,SF,325,450,10,1.0,normal
1870,icmp,ftp,S0,40315,44555,187,0.1,normal
1500,tcp,private,S0,18388,64613,152,0.1,portsweep
22,udp,ssh,SF,550,106,8,1.0,normal
13,udp,smtp,SF,543,966,6,1.0,neptune
28,icmp,telnet,SF,224,967,5,1.0,portsweep
16,tcp,http,SF,462,1497,3,1.0,normal
3,icmp,telnet,SF,213,765,8,1.0,mscan
29,udp,ftp,SF,600,1358,4,1.0,normal
21,icmp,private,SF,402,1211,2,1.0,normal
6,tcp,private,SF,415,772,5,1.0,normal
37,icmp,http,SF,463,434,8,1.0,normal
1921,icmp,smtp,REJ,22711,24103,204,0.1,mscan
28,icmp,ftp_data,SF,339,738,7,1.0,portsweep
1307,icmp,ssh,S0,41001,65515,239,0.1,saint
4,udp,private,SF,595,350,8,1.0,normal
3,udp,other,SF,433,1120,1,1.0,normal
1385,tcp,telnet,S0,31040,33320,207,0.1,portsweep
1551,udp,ssh,S0,34061,54136,208,0.1,normal
5,icmp,ssh,SF,544,1457,2,1.0,normal
976,udp,ftp,S0,26843,44059,194,0.1,portsweep
15,icmp,ssh,SF,343,267,6,1.0,normal
26,tcp,ftp,SF,355,1445,8,1.0,normal
1338,tcp,ftp_data,REJ,42139,33916,192,0.1,neptune
39,udp,telnet,SF,392,308,6,1.0,normal
0,tcp,ssh,SF,200,1439,7,1.0,normal
1145,udp,ssh,REJ,36162,30711,235,0.1,portsweep
5,tcp,smtp,SF,297,479,9,1.0,normal
32,udp,other,SF,315,1021,5,1.0,normal
30,tcp,ftp,SF,393,282,9,1.0,normal
1701,tcp,smtp,S0,11222,40734,175,0.1,saint
12,udp,ssh,SF,89,1429,4,1.0,normal
34,tcp,http,SF,546,1430,1,1.0,normal
37,udp,ftp_data,SF,160,345,6,1.0,normal
7,icmp,http,SF,450,1079,1,1.0,normal
10,udp,ssh,SF,278,1061,3,1.0,normal
1998,tcp,smtp,S0,25853,61845,203,0.1,portsweep
1365,icmp,telnet,S0,49256,34088,191,0.1,neptune
30,udp,ftp_data,SF,240,1149,5,1.0,normal
38,tcp,smtp,SF,539,898,10,1.0,normal
1704,icmp,http,REJ,30703,76916,164,0.1,saint
1333,icmp,smtp,REJ,17141,42477,154,0.1,mscan
3,udp,ssh,SF,290,282,1,1.0,normal
36,udp,ftp,SF,484,956,9,1.0,neptune
580,udp,private,S0,38731,56107,249,0.1,normal
15,tcp,smtp,SF,211,1006,8,1.0,normal
40,tcp,ftp_data,SF,515,549,1,1.0,saint
24,udp,other,SF,450,1063,2,1.0,normal
38,icmp,ssh,SF,518,1364,9,1.0,normal
22,udp,smtp,SF,423,644,1,1.0,normal
19,tcp,other,SF,207,674,6,1.0,normal
627,icmp,telnet,S0,21706,25687,162,0.1,portsweep
1757,udp,other,S0,24134,59468,166,0.1,neptune
10,udp,telnet,SF,342,411,2,1.0,normal
4,udp,ssh,SF,457,645,1,1.0,normal
944,icmp,ftp_data,S0,31693,53035,226,0.1,normal
32,tcp,private,SF,450,1396,5,1.0,normal
7,tcp,ftp_data,SF,128,122,8,1.0,normal
762,tcp,smtp,REJ,47104,45078,183,0.1,saint
21,icmp,smtp,SF,334,824,1,1.0,normal
11,tcp,ssh,SF,491,692,6,1.0,normal
1077,udp,http,S0,39221,38212,190,0.1,neptune
25,tcp,other,SF,68,524,5,1.0,normal
6,icmp,private,SF,558,899,4,1.0,normal
3,tcp,smtp,SF,297,381,5,1.0,normal
30,tcp,ftp_data,SF,498,750,6,1.0,normal
1145,icmp,ssh,REJ,30993,28255,213,0.1,mscan
16,udp,http,SF,409,563,5,1.0,normal
858,udp,ssh,S0,36534,31396,228,0.1,neptune
1206,udp,other,REJ,32058,62387,233,0.1,normal
980,tcp,ftp,REJ,42868,58918,156,0.1,mscan
2,udp,ssh,SF,136,269,4,1.0,normal
32,icmp,http,SF,440,356,8,1.0,normal
1061,udp,http,S0,45050,57708,184,0.1,portsweep
858,udp,ssh,S0,47356,62023,238,0.1,mscan
20,icmp,private,SF,488,1362,2,1.0,normal
21,tcp,ftp_data,SF,131,1305,1,1.0,normal
1598,tcp,http,REJ,38888,35727,245,0.1,neptune
17,udp,other,SF,430,1188,3,1.0,normal
29,udp,ftp,SF,550,1062,6,1.0,normal
1097,tcp,smtp,REJ,20543,45381,250,0.1,mscan
33,udp,ssh,SF,437,509,2,1.0,normal
30,icmp,smtp,SF,289,526,6,1.0,normal
7,tcp,ftp_data,SF,135,727,4,1.0,normal
784,udp,other,REJ,47791,26305,164,0.1,portsweep
23,tcp,ftp_data,SF,552,1456,9,1.0,normal
32,tcp,http,SF,395,654,8,1.0,normal
3,tcp,other,SF,279,904,6,1.0,normal
25,tcp,http,SF,66,561,2,1.0,normal
981,tcp,private,REJ,45444,69059,213,0.1,saint
16,udp,http,SF,62,776,1,1.0,normal
0,tcp,smtp,SF,91,1288,3,1.0,normal
23,tcp,ssh,SF,537,1183,4,1.0,normal
7,icmp,http,SF,56,559,7,1.0,normal
728,udp,ftp_data,S0,34629,50125,207,0.1,normal
4,tcp,telnet,SF,449,1330,1,1.0,normal
32,udp,other,SF,464,1486,1,1.0,saint
14,tcp,ftp_data,SF,417,831,9,1.0,normal
28,icmp,smtp,SF,459,905,5,1.0,normal
12,icmp,private,SF,167,179,7,1.0,normal
39,tcp,other,SF,582,533,5,1.0,normal
13,icmp,ftp,SF,296,1477,1,1.0,normal
23,icmp,private,SF,364,1330,6,1.0,normal
34,udp,smtp,SF,316,720,5,1.0,normal
12,icmp,http,SF,499,1343,9,1.0,normal
573,icmp,telnet,S0,19243,26998,226,0.1,neptune
4,udp,ssh,SF,551,659,9,1.0,normal
29,icmp,private,SF,251,1387,5,1.0,normal
1494,tcp,ftp,REJ,20456,52993,251,0.1,mscan
32,tcp,ftp,SF,486,1387,10,1.0,normal
930,icmp,http,S0,49496,69392,156,0.1,mscan
31,udp,other,SF,538,644,6,1.0,normal
11,udp,telnet,SF,272,1058,5,1.0,normal
6,icmp,http,SF,185,593,1,1.0,normal
32,udp,http,SF,442,600,5,1.0,neptune
15,udp,ssh,SF,378,350,7,1.0,normal
15,icmp,private,SF,582,289,1,1.0,normal
14,tcp,telnet,SF,112,1115,9,1.0,neptune
31,udp,telnet,SF,218,593,3,1.0,normal
1880,udp,http,REJ,28119,48711,238,0.1,portsweep
14,tcp,smtp,SF,157,457,6,1.0,normal
1364,tcp,smtp,S0,18722,79725,151,0.1,normal
1118,udp,ftp_data,REJ,45356,78444,232,0.1,normal
38,icmp,telnet,SF,237,1488,4,1.0,normal
6,udp,private,SF,318,465,8,1.0,mscan
26,icmp,other,SF,65,975,2,1.0,normal
28,udp,smtp,SF,511,520,2,1.0,normal
1430,tcp,telnet,S0,43394,57231,254,0.1,saint
1,udp,other,SF,489,156,6,1.0,normal
1055,icmp,telnet,REJ,33408,59056,226,0.1,portsweep
697,icmp,ftp_data,REJ,41026,31308,202,0.1,neptune
9,udp,other,SF,293,449,9,1.0,normal
10,icmp,ftp,SF,598,581,2,1.0,normal
30,icmp,private,SF,451,793,1,1.0,normal
892,tcp,private,S0,12450,72977,161,0.1,neptune
40,icmp,private,SF,546,558,8,1.0,normal
788,udp,ftp_data,REJ,12645,35680,231,0.1,neptune
10,udp,private,SF,473,1374,8,1.0,normal
1718,tcp,private,S0,35678,69621,161,0.1,portsweep
1940,icmp,http,REJ,40121,28034,246,0.1,normal
1341,icmp,other,S0,20582,49373,212,0.1,mscan
14,icmp,other,SF,442,381,3,1.0,neptune
22,udp,smtp,SF,379,1219,10,1.0,saint
25,udp,ssh,SF,107,454,10,1.0,normal
17,tcp,telnet,SF,321,390,7,1.0,normal
21,udp,smtp,SF,101,875,2,1.0,normal
34,icmp,private,SF,508,368,8,1.0,saint
10,udp,smtp,SF,178,248,8,1.0,normal
551,tcp,ssh,S0,37531,35053,243,0.1,saint
1343,icmp,ftp,S0,31244,29684,159,0.1,normal
29,tcp,private,SF,254,671,9,1.0,normal
14,tcp,ftp,SF,469,235,4,1.0,normal
30,tcp,telnet,SF,438,193,5,1.0,normal
4,udp,private,SF,436,594,9,1.0,portsweep
17,udp,telnet,SF,492,350,5,1.0,normal
660,icmp,private,REJ,47506,61665,197,0.1,neptune
26,tcp,ftp_data,SF,118,509,4,1.0,normal
1,udp,ssh,SF,360,794,7,1.0,normal
18,udp,other,SF,205,672,7,1.0,normal
22,icmp,private,SF,207,886,4,1.0,normal
1039,udp,telnet,REJ,15271,69864,194,0.1,neptune
8,udp,telnet,SF,506,1174,8,1.0,normal
1758,icmp,private,REJ,48432,24277,180,0.1,normal
3,udp,private,SF,349,559,3,1.0,normal
6,udp,http,SF,55,1071,7,1.0,normal
26,udp,ftp_data,SF,168,221,10,1.0,normal
3,udp,http,SF,311,666,9,1.0,normal
918,tcp,ftp_data,REJ,37215,63337,232,0.1,saint
1801,icmp,ftp_data,REJ,32823,42735,211,0.1,neptune
31,udp,http,SF,552,980,9,1.0,normal
21,tcp,private,SF,451,1466,8,1.0,normal
554,udp,http,S0,16415,22719,254,0.1,normal
1224,udp,ftp,REJ,46433,76069,251,0.1,neptune
13,icmp,private,SF,530,136,8,1.0,normal
20,tcp,http,SF,455,582,7,1.0,normal
3,icmp,telnet,SF,507,427,4,1.0,normal
1828,tcp,ssh,REJ,17830,25320,168,0.1,neptune
701,udp,smtp,S0,39709,66150,243,0.1,mscan
1174,udp,http,REJ,28346,34042,168,0.1,saint
946,icmp,ftp,S0,41656,74677,198,0.1,mscan
18,udp,smtp,SF,71,841,6,1.0,portsweep
39,tcp,http,SF,543,1335,8,1.0,normal
626,udp,telnet,S0,40220,47445,155,0.1,saint
18,udp,private,SF,221,743,4,1.0,normal
25,tcp,ftp,SF,337,1201,9,1.0,portsweep
1471,icmp,smtp,REJ,36875,69657,254,0.1,neptune
1482,udp,private,REJ,39719,20468,179,0.1,portsweep
1449,tcp,smtp,S0,28319,39611,190,0.1,portsweep
1036,tcp,ftp_data,REJ,18541,21093,170,0.1,portsweep
31,icmp,other,SF,310,730,4,1.0,normal
25,icmp,telnet,SF,379,181,1,1.0,normal
32,icmp,smtp,SF,408,1252,2,1.0,normal
27,tcp,telnet,SF,386,1419,6,1.0,mscan
740,tcp,telnet,S0,39395,35793,216,0.1,portsweep
11,tcp,smtp,SF,182,1096,2,1.0,normal
6,tcp,ftp_data,SF,169,737,4,1.0,normal
33,udp,smtp,SF,378,1349,3,1.0,portsweep
5,tcp,ssh,SF,411,357,6,1.0,portsweep
1632,tcp,other,S0,32249,33371,214,0.1,saint
1652,icmp,private,REJ,32339,25025,236,0.1,normal
4,icmp,ftp_data,SF,84,816,9,1.0,normal
1050,udp,other,S0,11509,30273,211,0.1,normal
17,udp,ssh,SF,417,220,4,1.0,normal
13,udp,ssh,SF,195,663,4,1.0,normal
944,udp,ftp_data,REJ,46308,43916,168,0.1,neptune
6,tcp,ftp_data,SF,65,722,5,1.0,normal
25,udp,private,SF,160,1499,2,1.0,normal
26,tcp,private,SF,185,851,9,1.0,normal
34,tcp,http,SF,409,1089,4,1.0,normal
647,udp,http,S0,31213,66018,155,0.1,portsweep
6,udp,telnet,SF,549,383,6,1.0,normal
15,udp,ssh,SF,559,677,6,1.0,normal
8,icmp,other,SF,400,1496,8,1.0,saint
1387,tcp,telnet,REJ,46853,25271,169,0.1,neptune
9,icmp,private,SF,268,455,6,1.0,normal
1942,icmp,private,S0,28272,72737,219,0.1,normal
991,icmp,ftp,S0,30913,73110,198,0.1,portsweep
34,udp,telnet,SF,538,654,9,1.0,portsweep
6,tcp,private,SF,164,918,7,1.0,normal
12,udp,ftp_data,SF,115,722,6,1.0,normal
875,udp,ftp_data,REJ,20969,69516,165,0.1,mscan
1855,icmp,ssh,S0,25628,67764,210,0.1,normal
10,icmp,ssh,SF,396,602,1,1.0,normal
622,udp,private,REJ,19367,79925,177,0.1,portsweep
1953,udp,private,S0,31835,24090,223,0.1,portsweep
15,tcp,smtp,SF,510,856,5,1.0,normal
959,icmp,ftp,REJ,49214,54543,208,0.1,neptune
33,icmp,other,SF,284,461,1,1.0,normal
1277,udp,other,S0,32146,48961,200,0.1,portsweep
1635,icmp,ssh,REJ,18533,23084,168,0.1,portsweep
29,tcp,http,SF,215,1102,4,1.0,normal
20,tcp,http,SF,76,472,2,1.0,normal
3,icmp,smtp,SF,150,842,6,1.0,normal
32,tcp,http,SF,501,744,3,1.0,normal
29,icmp,other,SF,142,211,10,1.0,normal
4,icmp,ssh,SF,290,248,10,1.0,normal
7,icmp,telnet,SF,316,877,6,1.0,normal
29,icmp,ftp,SF,397,1050,2,1.0,normal
33,icmp,smtp,SF,343,1161,3,1.0,normal
26,icmp,smtp,SF,289,888,5,1.0,normal
37,udp,ftp,SF,220,161,8,1.0,portsweep
36,icmp,ftp,SF,398,836,9,1.0,normal
700,icmp,ftp_data,S0,48129,49453,183,0.1,portsweep
34,udp,private,SF,523,485,10,1.0,neptune
13,icmp,ssh,SF,296,681,9,1.0,normal
5,udp,other,SF,109,343,6,1.0,normal
40,tcp,other,SF,466,1433,2,1.0,saint
22,udp,http,SF,110,1417,8,1.0,normal
21,udp,http,SF,91,233,7,1.0,normal
1019,tcp,ftp,REJ,24902,49387,173,0.1,normal
34,icmp,ftp_data,SF,235,491,1,1.0,normal
506,tcp,telnet,S0,17312,35247,216,0.1,normal
702,udp,ftp_data,S0,44846,27416,226,0.1,mscan
37,udp,http,SF,543,1445,6,1.0,normal
20,udp,ftp_data,SF,518,749,1,1.0,normal
1013,icmp,ssh,REJ,43268,43791,252,0.1,mscan
6,tcp,private,SF,522,443,2,1.0,normal
10,tcp,ftp,SF,128,825,9,1.0,normal
1933,udp,ftp_data,S0,48449,63696,192,0.1,normal
0,tcp,ftp,SF,559,385,5,1.0,portsweep
23,tcp,ftp_data,SF,178,767,9,1.0,normal
1250,tcp,http,S0,35222,74595,225,0.1,saint
862,icmp,http,REJ,32900,71612,162,0.1,saint
22,icmp,private,SF,116,1277,7,1.0,normal
33,tcp,ssh,SF,62,769,5,1.0,normal
10,udp,ssh,SF,546,893,1,1.0,mscan
20,icmp,telnet,SF,77,474,2,1.0,normal
12,icmp,http,SF,182,765,9,1.0,normal
8,tcp,private,SF,394,1097,3,1.0,normal
1359,udp,ftp,REJ,11911,64105,219,0.1,mscan
7,tcp,telnet,SF,597,176,5,1.0,normal
1793,tcp,smtp,REJ,34767,20675,171,0.1,saint
7,tcp,other,SF,232,632,6,1.0,normal
30,tcp,private,SF,407,1352,1,1.0,normal
32,icmp,ssh,SF,84,1025,2,1.0,normal
28,icmp,ssh,SF,129,430,2,1.0,normal
1600,icmp,ftp_data,S0,32648,38673,184,0.1,normal
632,tcp,telnet,S0,45391,36936,193,0.1,mscan
978,udp,ftp,S0,26408,48158,216,0.1,mscan
1031,icmp,ssh,REJ,31823,46030,186,0.1,neptune
20,tcp,other,SF,118,1235,5,1.0,normal
17,udp,other,SF,541,241,7,1.0,normal
1433,udp,ssh,REJ,14434,28142,212,0.1,neptune
19,icmp,telnet,SF,235,1005,1,1.0,normal
22,icmp,smtp,SF,263,1149,2,1.0,normal
5,icmp,ftp_data,SF,166,150,3,1.0,normal
26,tcp,http,SF,367,1091,3,1.0,normal
13,tcp,http,SF,87,708,4,1.0,normal
23,udp,http,SF,196,257,5,1.0,saint
1480,tcp,other,REJ,45486,67700,227,0.1,normal
12,tcp,http,SF,92,846,4,1.0,normal
9,tcp,ssh,SF,593,133,8,1.0,normal
30,icmp,http,SF,239,1420,8,1.0,normal
23,icmp,ftp_data,SF,557,603,3,1.0,normal
2,icmp,private,SF,237,1070,3,1.0,normal
40,udp,other,SF,295,1016,5,1.0,normal
930,udp,ftp_data,REJ,48795,54220,241,0.1,portsweep
1639,udp,telnet,REJ,28376,56800,153,0.1,portsweep
1028,tcp,private,S0,32307,22640,190,0.1,mscan
1574,tcp,http,S0,18513,71364,192,0.1,normal
3,udp,other,SF,115,298,10,1.0,mscan
18,tcp,private,SF,409,178,9,1.0,normal
0,icmp,smtp,SF,353,681,9,1.0,normal
31,udp,other,SF,60,1390,4,1.0,normal
756,tcp,ssh,REJ,16215,26942,191,0.1,mscan
955,tcp,ssh,REJ,11675,25811,246,0.1,saint
547,icmp,private,REJ,44744,43981,208,0.1,portsweep
1399,tcp,ftp,REJ,13084,59671,190,0.1,saint
1292,udp,http,REJ,46076,65710,168,0.1,neptune
536,udp,smtp,REJ,48415,52137,223,0.1,mscan
1478,tcp,telnet,S0,30725,38374,200,0.1,normal
20,udp,other,SF,517,952,4,1.0,mscan
17,udp,smtp,SF,212,1236,3,1.0,normal
501,udp,ssh,S0,21338,74422,214,0.1,normal
667,icmp,telnet,S0,21768,34004,222,0.1,portsweep
28,udp,telnet,SF,563,729,1,1.0,portsweep
13,icmp,smtp,SF,307,871,8,1.0,normal
3,icmp,ssh,SF,97,703,10,1.0,normal
40,icmp,other,SF,226,462,1,1.0,normal
0,icmp,http,SF,552,379,9,1.0,normal
1462,icmp,private,REJ,18469,64867,231,0.1,mscan
33,tcp,ftp,SF,572,1354,4,1.0,normal
824,icmp,other,REJ,13076,64067,164,0.1,saint
14,tcp,http,SF,493,967,7,1.0,normal
1452,tcp,ftp,REJ,32817,57312,155,0.1,mscan
30,udp,smtp,SF,137,1398,5,1.0,normal
16,tcp,ftp,SF,305,959,9,1.0,normal
1535,tcp,ftp_data,REJ,36241,30814,189,0.1,saint
853,udp,ftp,REJ,40302,78126,216,0.1,normal
8,tcp,ftp,SF,600,493,6,1.0,normal
1249,icmp,ssh,S0,14192,23143,197,0.1,normal
1428,tcp,private,REJ,36209,67959,219,0.1,saint
1063,icmp,smtp,REJ,18059,27561,238,0.1,neptune
3,udp,smtp,SF,134,190,4,1.0,normal
7,tcp,other,SF,559,1483,10,1.0,portsweep
39,tcp,other,SF,240,856,9,1.0,normal
934,tcp,smtp,S0,27016,54251,234,0.1,saint
20,udp,ftp,SF,178,1130,6,1.0,normal
1369,tcp,smtp,REJ,12964,77808,155,0.1,normal
14,udp,other,SF,454,984,6,1.0,normal
728,icmp,smtp,S0,44882,30390,194,0.1,mscan
1183,icmp,private,REJ,45273,69838,214,0.1,neptune
0,udp,telnet,SF,511,1135,8,1.0,normal
14,tcp,http,SF,153,769,7,1.0,normal
26,udp,http,SF,421,791,6,1.0,normal
958,udp,ssh,REJ,45182,34832,186,0.1,normal
29,udp,ftp_data,SF,135,1479,10,1.0,normal
32,icmp,other,SF,124,120,10,1.0,normal
19,icmp,ftp_data,SF,478,475,6,1.0,normal
752,tcp,ftp_data,REJ,41702,73983,247,0.1,neptune
1209,tcp,ftp_data,REJ,37831,25338,152,0.1,normal
15,udp,telnet,SF,292,553,5,1.0,mscan
1972,icmp,other,REJ,41990,28413,162,0.1,neptune
1528,tcp,http,S0,41030,36874,178,0.1,neptune
5,tcp,ssh,SF,351,1401,5,1.0,normal
929,tcp,private,S0,39085,53478,188,0.1,neptune
5,icmp,smtp,SF,262,327,5,1.0,normal
8,icmp,ftp,SF,328,619,7,1.0,normal
12,tcp,ssh,SF,220,435,5,1.0,saint
16,icmp,ssh,SF,142,1019,8,1.0,normal
29,icmp,other,SF,471,859,3,1.0,normal
508,udp,ftp_data,S0,29632,75677,243,0.1,normal
720,tcp,other,REJ,15783,58804,252,0.1,saint
1780,tcp,ftp,S0,14876,45142,182,0.1,neptune
19,tcp,telnet,SF,565,652,2,1.0,normal
1583,icmp,ssh,REJ,22367,58605,208,0.1,normal
40,tcp,telnet,SF,373,589,1,1.0,portsweep
28,icmp,private,SF,158,1485,2,1.0,normal
1327,icmp,private,REJ,37324,48650,223,0.1,mscan
518,tcp,http,REJ,23454,56921,183,0.1,normal
28,udp,smtp,SF,81,1336,1,1.0,normal
19,udp,telnet,SF,478,146,8,1.0,mscan
28,icmp,telnet,SF,268,394,10,1.0,normal
950,icmp,other,REJ,18451,29951,246,0.1,normal
19,udp,telnet,SF,332,507,8,1.0,mscan
994,tcp,telnet,S0,21603,67345,212,0.1,normal
28,icmp,http,SF,193,1254,6,1.0,neptune
1751,tcp,telnet,REJ,37555,30223,173,0.1,normal
3,udp,other,SF,523,1049,9,1.0,normal
27,udp,telnet,SF,347,930,4,1.0,normal
1076,tcp,other,REJ,42156,27632,204,0.1,normal
1120,udp,ssh,S0,19220,55613,207,0.1,mscan
15,icmp,private,SF,169,1053,9,1.0,normal
40,tcp,http,SF,257,101,2,1.0,normal
38,tcp,ftp,SF,436,1184,1,1.0,saint
34,icmp,http,SF,120,735,9,1.0,normal
631,udp,smtp,REJ,21734,45487,202,0.1,neptune
26,tcp,private,SF,520,235,1,1.0,normal
26,icmp,other,SF,163,894,4,1.0,normal
1008,tcp,ssh,REJ,18236,32218,180,0.1,mscan
14,udp,other,SF,441,724,7,1.0,normal
39,udp,other,SF,132,557,7,1.0,normal
23,icmp,other,SF,265,151,5,1.0,saint
1546,udp,ftp,REJ,26477,42313,252,0.1,portsweep
1968,icmp,private,S0,13146,39296,234,0.1,normal
1717,udp,http,S0,24391,34590,249,0.1,normal
1992,icmp,http,REJ,35955,53601,184,0.1,mscan
575,tcp,ftp_data,REJ,24977,59058,250,0.1,saint
30,udp,ftp,SF,173,1114,10,1.0,normal
2,icmp,smtp,SF,521,327,5,1.0,normal
743,tcp,other,REJ,35300,73430,200,0.1,saint
32,tcp,other,SF,55,1307,8,1.0,normal
4,icmp,other,SF,313,542,9,1.0,normal
40,icmp,ftp,SF,533,693,2,1.0,normal
9,icmp,ssh,SF,398,1186,10,1.0,normal
8,tcp,ssh,SF,265,330,8,1.0,normal
15,icmp,smtp,SF,145,848,10,1.0,normal
16,tcp,ssh,SF,177,1477,7,1.0,mscan
3,tcp,ftp_data,SF,593,970,1,1.0,normal
15,icmp,ftp_data,SF,143,1344,10,1.0,saint
39,icmp,ssh,SF,137,265,4,1.0,normal
511,udp,ftp,S0,48117,45809,248,0.1,portsweep
8,icmp,smtp,SF,500,861,9,1.0,normal
10,udp,private,SF,79,254,8,1.0,normal
1650,icmp,other,S0,16212,49705,242,0.1,saint
12,icmp,private,SF,298,1330,8,1.0,normal
35,icmp,ssh,SF,229,1485,8,1.0,normal
9,tcp,ftp,SF,466,1230,2,1.0,normal
1370,udp,ftp_data,REJ,36765,68775,253,0.1,neptune
37,udp,telnet,SF,177,780,8,1.0,normal
40,udp,ftp_data,SF,178,1373,9,1.0,normal
1282,tcp,smtp,REJ,34422,75674,200,0.1,mscan
27,tcp,http,SF,369,367,6,1.0,mscan
26,tcp,other,SF,436,533,6,1.0,portsweep
15,tcp,private,SF,75,1303,9,1.0,normal
1529,tcp,smtp,REJ,17839,67140,196,0.1,neptune
16,tcp,ftp_data,SF,507,686,9,1.0,normal
21,tcp,smtp,SF,424,1095,9,1.0,normal
35,icmp,ftp,SF,239,1024,7,1.0,normal
784,tcp,smtp,REJ,42757,75436,212,0.1,normal
34,udp,ssh,SF,198,1348,1,1.0,normal
1499,icmp,http,REJ,29240,50418,225,0.1,normal
25,udp,ftp_data,SF,366,101,3,1.0,normal
19,tcp,telnet,SF,388,275,1,1.0,normal
1605,tcp,telnet,REJ,29756,25717,169,0.1,normal
2000,tcp,telnet,REJ,22014,79180,198,0.1,neptune
35,udp,ssh,SF,594,1238,6,1.0,saint
26,udp,http,SF,442,511,4,1.0,normal
7,icmp,ftp_data,SF,247,1053,4,1.0,normal
20,icmp,http,SF,324,254,7,1.0,normal
14,udp,smtp,SF,255,187,5,1.0,normal
1557,icmp,telnet,REJ,18859,79405,239,0.1,normal
8,icmp,private,SF,478,434,7,1.0,normal
552,udp,other,S0,17594,74475,210,0.1,neptune
25,icmp,telnet,SF,378,1420,3,1.0,normal
1,icmp,ssh,SF,76,783,4,1.0,normal
7,tcp,ssh,SF,211,244,8,1.0,normal
829,icmp,ssh,S0,44768,55381,162,0.1,saint
38,udp,ssh,SF,141,1468,7,1.0,mscan
19,icmp,private,SF,150,967,8,1.0,normal
1615,udp,telnet,S0,37852,63495,241,0.1,saint
1200,icmp,ssh,REJ,28695,68102,238,0.1,neptune
524,icmp,ftp,REJ,25624,77556,170,0.1,mscan
1563,udp,ftp_data,S0,38287,46545,252,0.1,saint
10,udp,ssh,SF,68,245,4,1.0,normal
1408,udp,private,S0,17725,57859,163,0.1,portsweep
34,udp,ssh,SF,349,1306,10,1.0,normal
1297,udp,ssh,REJ,18574,41799,242,0.1,neptune
19,udp,ftp_data,SF,386,145,9,1.0,normal
4,udp,smtp,SF,585,1080,8,1.0,normal
1101,icmp,private,REJ,42601,66460,186,0.1,neptune
855,icmp,ssh,REJ,47547,46431,230,0.1,saint
11,udp,ssh,SF,225,208,4,1.0,normal
7,udp,ftp,SF,523,466,4,1.0,normal
14,udp,http,SF,177,1198,10,1.0,normal
1,tcp,private,SF,191,282,5,1.0,normal
33,icmp,telnet,SF,174,734,3,1.0,normal
0,icmp,private,SF,114,946,8,1.0,normal
39,icmp,telnet,SF,116,928,10,1.0,normal
603,icmp,telnet,S0,28721,24783,177,0.1,portsweep
1645,icmp,ftp,REJ,49550,28590,254,0.1,normal
1794,icmp,telnet,S0,10513,30293,200,0.1,normal
844,icmp,ftp_data,REJ,12504,33638,193,0.1,saint
21,tcp,ssh,SF,441,1015,10,1.0,normal
34,icmp,ftp,SF,311,236,5,1.0,normal
22,udp,smtp,SF,493,551,3,1.0,neptune
32,icmp,smtp,SF,342,1412,6,1.0,normal
37,icmp,smtp,SF,487,734,9,1.0,neptune
28,icmp,smtp,SF,507,635,7,1.0,normal
612,udp,private,S0,13145,39865,203,0.1,saint
37,udp,ftp_data,SF,433,883,3,1.0,normal
822,udp,private,S0,39399,72536,234,0.1,saint
1206,tcp,other,S0,14595,67576,160,0.1,neptune
997,icmp,ssh,REJ,38127,21073,188,0.1,portsweep
19,icmp,private,SF,547,1168,8,1.0,normal
662,udp,ftp_data,REJ,28772,48576,196,0.1,mscan
4,icmp,smtp,SF,230,814,9,1.0,normal
30,icmp,ftp,SF,219,861,2,1.0,normal
10,icmp,private,SF,194,765,4,1.0,normal
33,icmp,ftp_data,SF,561,1196,3,1.0,normal
577,tcp,other,S0,46487,53667,232,0.1,portsweep
2,tcp,http,SF,248,337,5,1.0,normal
682,icmp,http,S0,47350,51432,219,0.1,portsweep
1734,tcp,private,S0,19848,37891,237,0.1,normal
39,udp,private,SF,300,682,10,1.0,normal
561,udp,private,REJ,20218,43192,208,0.1,neptune
19,udp,other,SF,179,115,9,1.0,neptune
5,icmp,ftp_data,SF,305,1234,9,1.0,normal
21,tcp,ftp_data,SF,328,422,10,1.0,normal
1107,tcp,ftp_data,S0,16344,44908,174,0.1,normal
1154,tcp,smtp,S0,22816,28249,177,0.1,saint
515,tcp,ftp_data,REJ,27064,24706,238,0.1,mscan
27,icmp,http,SF,221,1359,8,1.0,normal
903,tcp,telnet,REJ,26651,69326,221,0.1,normal
1785,icmp,telnet,REJ,29129,24368,168,0.1,normal
22,icmp,ftp_data,SF,166,116,7,1.0,normal
551,udp,smtp,S0,13201,75996,197,0.1,neptune
535,icmp,ftp,REJ,38315,28193,192,0.1,mscan
1698,icmp,ftp,S0,28521,47547,232,0.1,normal
4,icmp,smtp,SF,118,704,2,1.0,normal
15,icmp,smtp,SF,132,1414,4,1.0,normal
721,tcp,ftp_data,REJ,27853,58318,168,0.1,normal
1310,icmp,other,S0,11839,21792,181,0.1,saint
27,icmp,ssh,SF,205,1369,10,1.0,normal
35,udp,other,SF,363,947,7,1.0,normal
19,icmp,telnet,SF,116,276,8,1.0,normal
1178,udp,ftp,REJ,43724,67795,221,0.1,portsweep
557,udp,ftp,REJ,29650,32559,239,0.1,normal
32,tcp,other,SF,586,636,10,1.0,normal
15,icmp,ftp,SF,135,488,5,1.0,normal
627,icmp,smtp,REJ,46654,56955,192,0.1,portsweep
1854,tcp,smtp,REJ,48360,79016,202,0.1,normal
20,icmp,telnet,SF,117,1358,5,1.0,normal
26,tcp,http,SF,554,458,8,1.0,normal
15,udp,ssh,SF,334,1027,1,1.0,normal
16,udp,ftp,SF,564,694,5,1.0,normal
1584,tcp,http,REJ,15577,44566,157,0.1,saint
2,tcp,telnet,SF,509,1301,6,1.0,normal
782,icmp,ftp,S0,16590,66154,155,0.1,saint
1865,icmp,other,REJ,31965,77419,225,0.1,saint
1925,udp,ssh,REJ,49446,64776,211,0.1,normal
562,icmp,telnet,REJ,33385,67994,154,0.1,neptune
0,udp,ssh,SF,194,335,3,1.0,normal
1259,tcp,http,S0,10855,60749,245,0.1,portsweep
16,tcp,private,SF,279,1290,8,1.0,normal
18,icmp,http,SF,420,254,2,1.0,normal
23,icmp,ftp,SF,494,136,2,1.0,normal
1880,udp,ssh,REJ,30114,28820,191,0.1,mscan
31,tcp,smtp,SF,522,1446,3,1.0,normal
1586,tcp,private,S0,27699,46619,241,0.1,saint
4,icmp,other,SF,240,1188,9,1.0,normal
1303,udp,http,S0,10813,31023,178,0.1,portsweep
28,udp,ssh,SF,468,787,4,1.0,normal
7,tcp,other,SF,305,453,5,1.0,normal
17,icmp,ftp,SF,86,1123,2,1.0,normal
10,tcp,ftp_data,SF,120,281,1,1.0,normal
1,tcp,ssh,SF,271,292,10,1.0,normal
1314,udp,telnet,S0,44179,68033,213,0.1,saint
1382,tcp,other,S0,14483,36786,162,0.1,portsweep
731,icmp,http,S0,13918,25279,166,0.1,mscan
40,icmp,ftp,SF,344,422,8,1.0,normal
1818,icmp,other,REJ,46937,31163,206,0.1,normal
805,tcp,ftp_data,S0,10653,23504,232,0.1,normal
1872,udp,telnet,REJ,16048,26244,199,0.1,mscan
1048,udp,telnet,S0,24434,73036,175,0.1,saint
7,tcp,ftp,SF,326,1465,8,1.0,normal
1624,udp,ftp,REJ,29835,21822,190,0.1,mscan
2,udp,smtp,SF,308,372,5,1.0,normal
1759,icmp,other,S0,39442,68345,237,0.1,normal
17,udp,private,SF,572,1410,7,1.0,mscan
40,icmp,ftp,SF,128,120,1,1.0,normal
23,tcp,other,SF,245,1406,10,1.0,neptune
1614,tcp,other,REJ,35704,44815,188,0.1,mscan
1118,icmp,ftp,S0,43467,38708,168,0.1,neptune
18,udp,http,SF,555,997,5,1.0,normal
40,icmp,telnet,SF,383,1478,5,1.0,portsweep
0,icmp,ftp_data,SF,52,1334,3,1.0,portsweep
711,icmp,telnet,S0,28873,41860,211,0.1,saint
5,tcp,private,SF,219,1445,7,1.0,normal
0,icmp,http,SF,590,595,4,1.0,normal
638,udp,smtp,S0,19684,34294,175,0.1,neptune
17,tcp,ftp_data,SF,310,1197,3,1.0,normal
743,icmp,ssh,S0,35130,29270,238,0.1,normal
1302,icmp,private,REJ,39748,26576,181,0.1,neptune
32,icmp,smtp,SF,401,161,8,1.0,normal
16,udp,telnet,SF,506,588,6,1.0,normal
21,udp,ftp,SF,587,387,6,1.0,normal
12,tcp,ssh,SF,517,1114,7,1.0,normal
28,tcp,ftp_data,SF,463,1142,7,1.0,portsweep
718,icmp,smtp,S0,24642,36756,191,0.1,mscan
27,icmp,telnet,SF,530,1046,2,1.0,normal
1072,udp,private,S0,24111,61829,164,0.1,normal
2,tcp,telnet,SF,534,980,9,1.0,normal
34,icmp,private,SF,95,689,9,1.0,normal
1502,tcp,private,REJ,38009,33818,200,0.1,saint
37,udp,telnet,SF,275,766,6,1.0,normal
33,udp,other,SF,271,1445,9,1.0,normal
1,tcp,telnet,SF,143,571,9,1.0,normal
782,udp,telnet,S0,12309,38020,228,0.1,portsweep
937,udp,ssh,S0,22126,39074,223,0.1,normal
1604,udp,smtp,REJ,19956,75910,178,0.1,saint
1886,udp,http,REJ,39100,49898,173,0.1,normal
26,icmp,private,SF,498,496,10,1.0,normal
33,icmp,smtp,SF,154,375,6,1.0,normal
40,udp,private,SF,537,723,8,1.0,normal
33,icmp,smtp,SF,300,149,7,1.0,normal
9,udp,smtp,SF,216,1364,10,1.0,normal
1115,icmp,ftp_data,REJ,20711,28497,191,0.1,normal
1462,icmp,smtp,REJ,28952,67212,243,0.1,portsweep
1709,tcp,telnet,REJ,49564,42047,218,0.1,mscan
25,tcp,telnet,SF,118,721,2,1.0,neptune
738,udp,ftp_data,S0,11358,43776,173,0.1,neptune
19,udp,ftp,SF,309,1300,3,1.0,mscan
1579,icmp,ssh,S0,18621,61048,185,0.1,normal
36,tcp,ftp_data,SF,594,218,6,1.0,normal
30,tcp,http,SF,289,466,3,1.0,normal
1409,udp,ftp,REJ,36592,33424,192,0.1,normal
1830,tcp,http,S0,17638,73128,251,0.1,saint
0,udp,ssh,SF,585,1222,2,1.0,normal
1192,tcp,http,REJ,26140,38634,224,0.1,normal
9,icmp,ssh,SF,73,320,5,1.0,portsweep
12,tcp,http,SF,431,1326,3,1.0,normal
40,icmp,ftp_data,SF,391,824,3,1.0,normal
28,tcp,http,SF,107,1267,1,1.0,normal
36,icmp,telnet,SF,229,1360,7,1.0,normal
9,udp,private,SF,296,1041,1,1.0,normal
1712,tcp,private,S0,25389,30503,187,0.1,normal
19,tcp,ssh,SF,50,1120,8,1.0,normal
31,udp,private,SF,499,193,9,1.0,normal
1534,tcp,smtp,REJ,47070,63407,193,0.1,mscan
22,udp,http,SF,291,1370,3,1.0,normal
1454,tcp,ssh,REJ,20839,22158,201,0.1,mscan
1675,udp,ssh,S0,10356,79633,207,0.1,mscan
19,udp,ftp,SF,548,1038,9,1.0,normal
2,tcp,smtp,SF,127,1490,10,1.0,normal
1274,icmp,private,S0,26504,50502,157,0.1,portsweep
15,udp,other,SF,505,526,5,1.0,normal
38,icmp,ssh,SF,91,1356,2,1.0,normal
1156,tcp,http,S0,42672,66150,190,0.1,saint
1271,icmp,smtp,S0,30698,53099,185,0.1,portsweep
732,tcp,telnet,REJ,29302,34443,156,0.1,saint
25,tcp,http,SF,411,1011,5,1.0,normal
22,tcp,http,SF,240,926,9,1.0,normal
6,icmp,ftp,SF,161,1481,10,1.0,normal
23,udp,ssh,SF,236,908,4,1.0,normal
1219,udp,ftp,REJ,24570,43939,243,0.1,normal
7,udp,http,SF,326,1217,1,1.0,normal
20,icmp,private,SF,287,843,2,1.0,normal
1897,icmp,ftp,S0,30123,65245,153,0.1,portsweep
1257,tcp,ssh,S0,29550,78202,200,0.1,saint
30,tcp,ssh,SF,567,204,7,1.0,normal
1793,tcp,telnet,S0,15356,44586,203,0.1,saint
29,udp,telnet,SF,437,724,2,1.0,normal
28,tcp,private,SF,341,1340,2,1.0,normal
23,tcp,telnet,SF,565,369,10,1.0,neptune
15,icmp,http,SF,296,1409,2,1.0,normal
15,tcp,telnet,SF,359,294,4,1.0,normal
688,tcp,ftp_data,REJ,12237,64045,200,0.1,neptune
1856,udp,ssh,REJ,12242,68690,211,0.1,mscan
27,icmp,private,SF,255,633,9,1.0,normal
1740,icmp,private,REJ,19913,20504,203,0.1,portsweep
1157,icmp,other,S0,28458,39213,163,0.1,neptune
37,icmp,telnet,SF,509,345,1,1.0,normal
21,udp,telnet,SF,122,1370,3,1.0,normal
1521,tcp,http,REJ,25860,78832,233,0.1,portsweep
12,udp,smtp,SF,458,908,2,1.0,normal
36,tcp,telnet,SF,571,177,10,1.0,normal
18,icmp,ftp_data,SF,106,634,9,1.0,neptune
32,icmp,http,SF,236,1123,9,1.0,normal
1674,udp,http,REJ,40022,63240,222,0.1,saint
22,icmp,ftp_data,SF,94,662,6,1.0,portsweep
914,udp,http,S0,33425,23055,214,0.1,neptune
2,icmp,smtp,SF,176,998,7,1.0,normal
6,udp,ssh,SF,560,1051,7,1.0,normal
1751,icmp,other,S0,19761,52327,208,0.1,mscan
35,icmp,ftp_data,SF,431,1203,5,1.0,normal
1763,icmp,ftp_data,REJ,40365,61336,210,0.1,normal
875,tcp,ftp_data,S0,10447,44301,224,0.1,neptune
16,udp,smtp,SF,401,732,7,1.0,normal
5,icmp,ftp_data,SF,220,1208,8,1.0,normal
548,icmp,telnet,REJ,45364,72181,170,0.1,neptune
19,tcp,private,SF,392,231,9,1.0,normal
33,tcp,telnet,SF,436,343,10,1.0,normal
916,tcp,ftp_data,REJ,12677,76548,175,0.1,mscan
34,tcp,ftp,SF,317,624,9,1.0,normal
21,icmp,private,SF,534,346,4,1.0,normal
27,tcp,ssh,SF,318,471,7,1.0,normal
1242,tcp,telnet,S0,38088,34077,211,0.1,mscan
699,udp,other,S0,11171,32402,154,0.1,portsweep
3,tcp,private,SF,402,1310,3,1.0,normal
892,udp,http,S0,31694,58710,195,0.1,mscan
1845,tcp,telnet,S0,26544,45227,220,0.1,portsweep
1124,icmp,other,REJ,34379,66619,180,0.1,neptune
12,udp,ftp_data,SF,386,273,5,1.0,normal
37,tcp,ssh,SF,98,269,2,1.0,saint
9,icmp,telnet,SF,511,171,1,1.0,normal
33,icmp,ftp,SF,122,629,9,1.0,normal
16,udp,other,SF,254,622,6,1.0,normal
30,udp,smtp,SF,367,1394,10,1.0,normal
12,tcp,smtp,SF,409,1289,1,1.0,normal
1668,udp,private,S0,21211,55769,228,0.1,normal
33,icmp,private,SF,457,1188,8,1.0,normal
566,udp,ftp,S0,15918,72611,231,0.1,portsweep
8,icmp,ftp,SF,125,1483,9,1.0,normal
13,udp,private,SF,120,493,10,1.0,normal
18,tcp,ssh,SF,597,908,9,1.0,normal
12,udp,telnet,SF,285,1368,6,1.0,normal
38,udp,smtp,SF,450,1255,5,1.0,normal
1015,tcp,http,S0,21849,33366,248,0.1,mscan
810,tcp,ftp,REJ,10460,78685,255,0.1,mscan
17,tcp,ftp,SF,96,210,9,1.0,normal
22,tcp,smtp,SF,72,1378,3,1.0,normal
25,icmp,ssh,SF,511,172,1,1.0,neptune
1029,icmp,ftp_data,S0,27592,37450,160,0.1,mscan
1418,tcp,smtp,S0,37202,67233,224,0.1,mscan
3,udp,http,SF,398,879,8,1.0,mscan
661,tcp,smtp,S0,47397,27786,190,0.1,normal
40,tcp,ftp_data,SF,293,1276,3,1.0,normal
28,udp,other,SF,584,1195,7,1.0,normal
18,icmp,http,SF,104,1311,2,1.0,normal
38,tcp,ssh,SF,417,1150,10,1.0,normal
829,tcp,ssh,S0,16559,31065,218,0.1,saint
31,tcp,smtp,SF,75,566,9,1.0,normal
13,udp,smtp,SF,257,823,6,1.0,normal
32,icmp,ftp_data,SF,72,359,7,1.0,normal
1555,icmp,private,S0,39285,71384,178,0.1,normal
4,tcp,http,SF,321,519,2,1.0,neptune
30,udp,private,SF,399,1150,9,1.0,normal
3,icmp,ftp_data,SF,521,808,9,1.0,normal
1,icmp,smtp,SF,512,545,5,1.0,normal
585,tcp,smtp,S0,31633,47058,152,0.1,neptune
13,tcp,other,SF,65,412,6,1.0,normal
1151,icmp,ssh,S0,48431,72433,228,0.1,mscan
1571,udp,other,REJ,18847,48950,173,0.1,mscan
0,tcp,other,SF,441,754,3,1.0,mscan
5,udp,smtp,SF,572,254,5,1.0,normal
571,tcp,other,S0,15967,79346,194,0.1,normal
33,udp,private,SF,424,431,3,1.0,normal
38,tcp,http,SF,426,369,4,1.0,normal
1389,udp,ssh,S0,25869,46633,211,0.1,neptune
15,icmp,telnet,SF,331,654,6,1.0,normal
40,udp,ssh,SF,380,1490,9,1.0,normal
36,udp,ssh,SF,490,143,6,1.0,neptune
4,icmp,ftp_data,SF,150,116,5,1.0,normal
4,udp,http,SF,430,1004,2,1.0,normal
1067,tcp,other,S0,21090,77210,175,0.1,saint
1272,tcp,ftp_data,REJ,19830,40738,187,0.1,portsweep
10,icmp,http,SF,540,1218,6,1.0,normal
14,icmp,other,SF,255,1274,8,1.0,normal
37,icmp,smtp,SF,549,205,3,1.0,normal
1808,udp,other,REJ,43419,56493,162,0.1,portsweep
3,tcp,telnet,SF,312,559,1,1.0,normal
818,udp,telnet,S0,35831,63742,229,0.1,portsweep
1,icmp,other,SF,159,530,3,1.0,portsweep
40,icmp,ftp,SF,562,759,5,1.0,normal
1977,icmp,smtp,S0,20435,73492,194,0.1,mscan
26,udp,ftp_data,SF,215,1422,2,1.0,normal
550,tcp,ftp,S0,40149,58468,228,0.1,portsweep
32,udp,ftp_data,SF,322,1423,6,1.0,normal
652,udp,ftp_data,S0,29226,29430,208,0.1,normal
29,udp,other,SF,519,1446,7,1.0,normal
17,icmp,telnet,SF,290,131,3,1.0,normal
1478,udp,private,REJ,38885,38059,150,0.1,portsweep
1473,tcp,smtp,REJ,32482,51479,166,0.1,mscan
1123,udp,ssh,REJ,22268,28925,247,0.1,normal
1184,icmp,ftp_data,REJ,18639,33031,178,0.1,neptune
7,tcp,telnet,SF,287,305,1,1.0,portsweep
12,tcp,ssh,SF,550,722,6,1.0,normal
7,icmp,smtp,SF,447,879,4,1.0,mscan
30,tcp,ftp,SF,70,890,4,1.0,normal
16,tcp,ssh,SF,327,575,1,1.0,mscan
34,tcp,ftp_data,SF,182,1077,5,1.0,normal
10,udp,ftp_data,SF,499,581,8,1.0,normal
6,tcp,telnet,SF,285,100,6,1.0,normal
1113,tcp,http,REJ,18166,55641,215,0.1,saint
1570,udp,ssh,S0,41743,70531,181,0.1,normal
742,icmp,http,S0,21005,43774,159,0.1,mscan
18,icmp,ftp_data,SF,420,1387,10,1.0,normal
1517,icmp,private,REJ,13495,70640,170,0.1,normal
1673,tcp,smtp,REJ,20208,44507,163,0.1,normal
39,udp,smtp,SF,575,1338,1,1.0,saint
548,tcp,ftp_data,S0,20162,28662,150,0.1,mscan
1594,udp,private,REJ,32012,41883,232,0.1,neptune
12,icmp,ftp_data,SF,444,1282,8,1.0,normal
0,udp,other,SF,591,114,10,1.0,normal
1758,tcp,private,S0,26259,26063,196,0.1,mscan
1571,tcp,http,S0,48934,37173,166,0.1,portsweep
1291,udp,telnet,REJ,41420,74843,224,0.1,saint
17,tcp,ssh,SF,462,622,7,1.0,normal
4,tcp,http,SF,346,734,6,1.0,normal
1593,tcp,ftp_data,REJ,13901,52040,240,0.1,normal
1097,tcp,other,REJ,18137,38179,203,0.1,mscan
16,udp,ftp_data,SF,331,1098,10,1.0,normal
995,icmp,telnet,REJ,43876,35195,238,0.1,portsweep
38,tcp,private,SF,335,646,4,1.0,neptune
31,icmp,ssh,SF,103,1196,5,1.0,normal
17,tcp,smtp,SF,338,387,10,1.0,normal
22,icmp,other,SF,190,950,4,1.0,normal
1,tcp,smtp,SF,568,484,4,1.0,normal
5,icmp,ftp_data,SF,394,1284,1,1.0,normal
938,tcp,smtp,S0,12171,36746,245,0.1,normal
618,udp,other,S0,17907,72277,162,0.1,mscan
19,tcp,other,SF,54,322,10,1.0,normal
1141,tcp,private,REJ,23753,55476,206,0.1,mscan
1732,tcp,smtp,REJ,38204,74092,160,0.1,mscan
8,udp,http,SF,78,747,8,1.0,normal
24,tcp,private,SF,357,291,9,1.0,normal
1025,udp,ssh,REJ,24812,66371,166,0.1,neptune
1173,udp,private,REJ,50000,45159,201,0.1,normal
11,icmp,http,SF,122,623,10,1.0,mscan
534,icmp,ftp_data,REJ,22208,35740,229,0.1,mscan
27,icmp,ftp_data,SF,124,404,4,1.0,normal
1276,tcp,other,REJ,42775,38827,205,0.1,saint
35,icmp,ssh,SF,320,140,1,1.0,normal
40,icmp,smtp,SF,488,285,2,1.0,normal
1909,icmp,ftp_data,S0,21450,31876,191,0.1,neptune
24,udp,smtp,SF,462,511,1,1.0,normal
35,tcp,other,SF,108,561,3,1.0,saint
604,udp,smtp,REJ,29745,75598,191,0.1,saint
19,tcp,ftp_data,SF,523,768,9,1.0,normal
1605,tcp,ssh,S0,37636,71642,216,0.1,portsweep
6,udp,ftp_data,SF,454,1304,2,1.0,normal
1164,tcp,telnet,REJ,41859,28492,219,0.1,mscan
1826,udp,private,REJ,24669,53610,172,0.1,normal
1703,tcp,smtp,REJ,24657,36378,204,0.1,saint
35,tcp,ssh,SF,579,212,5,1.0,normal
1820,tcp,telnet,REJ,39760,42541,223,0.1,neptune
23,udp,ssh,SF,323,466,5,1.0,normal
1897,icmp,ftp_data,S0,37070,45742,232,0.1,normal
28,icmp,telnet,SF,331,1291,2,1.0,normal
1854,udp,other,REJ,12922,61625,228,0.1,mscan
1664,udp,ssh,REJ,31949,51281,243,0.1,portsweep
686,udp,ftp,REJ,39365,70571,220,0.1,portsweep
20,tcp,ssh,SF,393,1232,2,1.0,normal
1529,udp,ssh,S0,29244,41323,181,0.1,neptune
20,udp,ftp,SF,528,968,3,1.0,normal
13,udp,private,SF,280,495,1,1.0,normal
1599,udp,other,S0,35156,35728,235,0.1,mscan
23,icmp,ftp_data,SF,561,369,3,1.0,normal
31,icmp,private,SF,199,1033,8,1.0,normal
0,udp,private,SF,470,973,4,1.0,normal
12,udp,ftp,SF,116,780,7,1.0,normal
1909,icmp,telnet,REJ,22694,28392,245,0.1,mscan
986,tcp,other,S0,41755,78862,241,0.1,portsweep
24,udp,other,SF,259,1260,2,1.0,normal
1542,icmp,ftp,REJ,40397,23625,243,0.1,portsweep
1392,icmp,ssh,S0,10553,23775,183,0.1,mscan
943,icmp,ftp_data,REJ,27581,43490,228,0.1,mscan
9,udp,ftp,SF,438,1191,2,1.0,portsweep
14,icmp,private,SF,396,1036,6,1.0,normal
0,tcp,telnet,SF,519,635,5,1.0,neptune
1204,icmp,http,REJ,21729,34335,254,0.1,mscan
1297,udp,ftp,S0,43238,76805,234,0.1,neptune
1781,icmp,private,S0,12395,72437,233,0.1,normal
39,tcp,ssh,SF,475,112,6,1.0,normal
2,udp,other,SF,457,1155,7,1.0,normal
20,udp,ftp,SF,531,774,9,1.0,mscan
22,udp,private,SF,189,155,4,1.0,saint
38,icmp,ftp_data,SF,490,281,9,1.0,normal
1007,udp,http,S0,42929,37124,164,0.1,mscan
19,icmp,http,SF,481,1169,2,1.0,normal
1758,tcp,private,S0,13324,28431,189,0.1,portsweep
25,tcp,other,SF,459,191,10,1.0,normal
17,tcp,smtp,SF,82,851,10,1.0,normal
4,udp,other,SF,444,368,10,1.0,normal
8,tcp,smtp,SF,374,1123,4,1.0,saint
7,udp,other,SF,256,911,6,1.0,normal
20,tcp,telnet,SF,413,1267,3,1.0,normal
22,udp,http,SF,484,772,8,1.0,normal
12,udp,ftp_data,SF,371,1369,6,1.0,normal
34,icmp,ssh,SF,547,824,2,1.0,normal
20,tcp,other,SF,139,1338,6,1.0,normal
18,tcp,ssh,SF,311,1431,3,1.0,normal
1193,icmp,ssh,REJ,33391,56547,165,0.1,mscan
34,udp,ftp_data,SF,257,301,2,1.0,normal
16,udp,other,SF,59,1253,7,1.0,normal
12,udp,ssh,SF,497,137,1,1.0,saint
12,tcp,ssh,SF,87,307,10,1.0,normal
15,tcp,smtp,SF,394,1266,6,1.0,normal
1691,tcp,other,REJ,11041,46869,164,0.1,neptune
20,icmp,ssh,SF,457,335,7,1.0,normal
652,icmp,other,REJ,48914,78905,253,0.1,neptune
12,tcp,private,SF,443,1251,10,1.0,neptune
11,icmp,http,SF,296,164,3,1.0,normal
1963,tcp,ftp_data,REJ,39434,25061,181,0.1,neptune
1280,udp,other,REJ,46163,38612,251,0.1,neptune
31,tcp,private,SF,117,1330,10,1.0,normal
23,icmp,telnet,SF,591,1304,7,1.0,normal
5,tcp,private,SF,379,953,2,1.0,normal
602,icmp,smtp,REJ,12798,25947,155,0.1,mscan
3,icmp,http,SF,56,601,7,1.0,normal
5,tcp,telnet,SF,71,1453,8,1.0,normal
1633,udp,other,REJ,34535,59901,193,0.1,saint
529,tcp,ftp,REJ,14524,51228,253,0.1,saint
29,udp,telnet,SF,139,766,3,1.0,normal
28,tcp,ssh,SF,572,385,7,1.0,normal
25,udp,ftp_data,SF,124,475,10,1.0,normal
18,icmp,http,SF,551,1484,2,1.0,normal
1547,tcp,ssh,S0,27366,66207,197,0.1,normal
18,udp,telnet,SF,565,1164,5,1.0,portsweep
1,tcp,smtp,SF,417,164,8,1.0,normal
17,tcp,private,SF,527,707,5,1.0,normal
852,udp,ftp_data,REJ,22152,27288,168,0.1,mscan
27,tcp,telnet,SF,450,714,2,1.0,normal
1854,udp,telnet,S0,49471,27312,211,0.1,mscan
9,udp,ftp,SF,327,579,5,1.0,normal
17,udp,other,SF,51,1335,7,1.0,normal
1061,tcp,other,REJ,25465,60115,192,0.1,saint
1789,icmp,http,S0,45968,60266,213,0.1,portsweep
0,icmp,private,SF,362,778,9,1.0,normal
1712,udp,http,S0,42751,79770,183,0.1,mscan
23,tcp,ssh,SF,554,308,7,1.0,normal
36,icmp,http,SF,331,1120,8,1.0,portsweep
9,tcp,ssh,SF,459,1277,6,1.0,normal
9,tcp,other,SF,483,226,1,1.0,normal
10,tcp,other,SF,425,1209,4,1.0,normal
30,icmp,smtp,SF,471,901,10,1.0,normal
1074,tcp,other,S0,42033,23988,193,0.1,normal
23,icmp,ftp,SF,61,1437,9,1.0,saint
24,icmp,private,SF,231,1189,5,1.0,normal
17,tcp,private,SF,539,882,5,1.0,normal
1065,tcp,other,S0,32221,76334,185,0.1,mscan
4,udp,smtp,SF,313,681,8,1.0,normal
0,icmp,private,SF,419,1371,3,1.0,normal
1601,tcp,ftp_data,REJ,35745,27573,208,0.1,normal
19,tcp,ssh,SF,288,1030,4,1.0,normal
28,icmp,telnet,SF,207,645,4,1.0,normal
9,icmp,ftp_data,SF,386,811,7,1.0,normal
36,tcp,other,SF,407,294,7,1.0,portsweep
912,udp,ftp,REJ,28429,26102,151,0.1,mscan
22,icmp,ftp,SF,150,1178,6,1.0,normal
535,udp,ftp,REJ,20966,24601,243,0.1,neptune
7,udp,smtp,SF,345,588,7,1.0,neptune
4,tcp,ssh,SF,322,185,1,1.0,normal
28,udp,http,SF,406,149,6,1.0,normal
17,udp,smtp,SF,137,1165,3,1.0,normal
1030,icmp,telnet,S0,43973,32140,170,0.1,saint
39,tcp,ssh,SF,573,705,2,1.0,normal
39,icmp,ftp,SF,578,885,5,1.0,normal
26,tcp,ftp_data,SF,461,987,2,1.0,normal
612,udp,ftp_data,S0,24244,58524,204,0.1,saint
1612,tcp,smtp,S0,42738,71356,244,0.1,portsweep
643,tcp,smtp,REJ,46683,76307,176,0.1,saint
34,tcp,ssh,SF,268,518,2,1.0,normal
702,udp,ftp_data,S0,46081,79836,161,0.1,portsweep
32,tcp,smtp,SF,142,351,4,1.0,normal
1792,icmp,ssh,S0,45562,55324,181,0.1,mscan
25,icmp,ftp_data,SF,90,411,9,1.0,normal
30,icmp,private,SF,550,640,5,1.0,normal
1,tcp,telnet,SF,422,1158,5,1.0,normal
7,tcp,other,SF,508,745,5,1.0,normal
1,icmp,ssh,SF,302,323,1,1.0,normal
19,icmp,http,SF,576,1079,1,1.0,normal
31,tcp,other,SF,260,1368,10,1.0,normal
1495,tcp,other,S0,18743,50813,254,0.1,normal
946,tcp,ssh,S0,10854,76793,192,0.1,neptune
35,udp,ssh,SF,318,545,4,1.0,normal
23,icmp,telnet,SF,357,910,7,1.0,normal
36,icmp,private,SF,258,882,8,1.0,normal
21,udp,other,SF,354,577,4,1.0,normal
1499,udp,http,REJ,27087,31685,201,0.1,saint
27,tcp,private,SF,92,792,4,1.0,mscan
1790,icmp,http,REJ,48161,31378,243,0.1,portsweep
1154,icmp,ssh,S0,13695,21247,190,0.1,neptune
1737,udp,ftp,S0,25487,25040,236,0.1,normal
23,tcp,other,SF,192,272,1,1.0,normal
17,icmp,smtp,SF,343,267,1,1.0,normal
28,udp,http,SF,454,236,2,1.0,mscan
18,tcp,private,SF,401,796,7,1.0,normal
12,icmp,ssh,SF,238,990,6,1.0,normal
1143,udp,smtp,REJ,39323,31329,159,0.1,mscan
25,udp,ssh,SF,86,502,7,1.0,normal
6,tcp,other,SF,458,976,10,1.0,normal
16,udp,private,SF,467,1446,10,1.0,normal
40,udp,private,SF,195,1189,10,1.0,portsweep
3,icmp,telnet,SF,294,1156,7,1.0,normal
1708,icmp,ftp,S0,38079,23710,217,0.1,neptune
12,icmp,private,SF,573,733,5,1.0,normal
12,tcp,telnet,SF,534,544,8,1.0,normal
1152,udp,telnet,REJ,39532,37321,170,0.1,normal
1307,tcp,smtp,REJ,36539,34846,224,0.1,mscan
1,tcp,telnet,SF,283,698,10,1.0,normal
15,udp,smtp,SF,63,1301,6,1.0,normal
755,udp,other,S0,21373,42052,205,0.1,neptune
38,udp,ftp_data,SF,331,830,6,1.0,normal
1292,tcp,telnet,REJ,44874,59632,233,0.1,saint
555,tcp,telnet,REJ,12335,30442,151,0.1,mscan
16,icmp,other,SF,501,306,5,1.0,normal
3,udp,ftp_data,SF,541,868,3,1.0,normal
28,tcp,http,SF,598,108,10,1.0,normal
15,udp,ftp_data,SF,170,992,1,1.0,portsweep
682,udp,http,REJ,23340,48866,242,0.1,saint
39,tcp,ftp_data,SF,441,470,7,1.0,neptune
8,tcp,private,SF,375,415,6,1.0,normal
36,icmp,http,SF,273,1069,3,1.0,normal
8,icmp,other,SF,226,1236,5,1.0,normal
37,icmp,ftp,SF,236,199,8,1.0,normal
19,icmp,http,SF,179,1415,7,1.0,normal
2,udp,smtp,SF,277,596,10,1.0,normal
5,icmp,smtp,SF,362,1481,8,1.0,normal
37,tcp,ftp_data,SF,523,1403,1,1.0,normal
568,icmp,ssh,REJ,42389,56002,204,0.1,neptune
0,udp,ssh,SF,82,425,6,1.0,normal
1684,icmp,smtp,REJ,35139,64329,216,0.1,neptune
625,icmp,telnet,REJ,14245,69904,220,0.1,mscan
9,tcp,private,SF,542,470,5,1.0,normal
28,udp,smtp,SF,89,762,9,1.0,normal
1646,udp,http,REJ,14820,51205,206,0.1,neptune
38,udp,ssh,SF,511,773,4,1.0,normal
37,tcp,telnet,SF,180,1172,5,1.0,normal
1385,tcp,ftp_data,REJ,14868,26731,220,0.1,saint
11,tcp,http,SF,351,1314,10,1.0,normal
28,udp,ftp,SF,333,182,5,1.0,normal
1261,tcp,other,S0,29458,59289,178,0.1,saint
10,icmp,ssh,SF,164,248,2,1.0,normal
39,icmp,smtp,SF,495,684,3,1.0,normal
32,icmp,other,SF,79,1489,6,1.0,normal
1821,udp,private,REJ,20130,72468,208,0.1,normal
26,icmp,telnet,SF,148,803,4,1.0,normal
30,tcp,other,SF,346,987,7,1.0,normal
1366,udp,ftp_data,S0,10399,64741,231,0.1,mscan
1834,icmp,telnet,S0,15376,47537,254,0.1,saint
27,icmp,ftp_data,SF,211,1431,3,1.0,normal
26,udp,ssh,SF,55,671,4,1.0,normal
10,udp,ftp_data,SF,578,707,3,1.0,normal
37,icmp,ftp_data,SF,302,291,2,1.0,normal
4,icmp,http,SF,234,254,5,1.0,portsweep
712,udp,ftp,S0,30342,52003,231,0.1,saint
31,tcp,ssh,SF,77,1256,9,1.0,normal
11,tcp,ftp_data,SF,261,233,6,1.0,mscan
3,icmp,ssh,SF,562,735,6,1.0,normal
597,udp,smtp,S0,25557,28500,194,0.1,normal
12,tcp,ftp,SF,596,502,2,1.0,normal
16,icmp,smtp,SF,339,284,1,1.0,normal
13,udp,ftp,SF,356,1488,9,1.0,normal
12,udp,ftp,SF,342,1106,10,1.0,normal
10,udp,other,SF,91,495,5,1.0,normal
30,icmp,ftp,SF,188,626,7,1.0,normal
1129,tcp,telnet,REJ,20845,53395,202,0.1,saint
1644,tcp,ftp,REJ,36203,20548,200,0.1,portsweep
39,tcp,telnet,SF,390,536,1,1.0,neptune
14,tcp,private,SF,512,803,3,1.0,normal
39,icmp,other,SF,265,589,1,1.0,normal
1022,tcp,ssh,S0,42096,53957,175,0.1,mscan
6,icmp,telnet,SF,129,1160,9,1.0,normal
11,icmp,ssh,SF,352,709,6,1.0,normal
891,udp,ssh,REJ,38040,61948,165,0.1,normal
32,tcp,ftp,SF,513,743,2,1.0,saint
9,tcp,telnet,SF,144,1438,6,1.0,saint
22,tcp,ftp_data,SF,293,322,8,1.0,normal
21,icmp,private,SF,341,1131,3,1.0,mscan
8,icmp,ftp_data,SF,504,1336,2,1.0,normal
1247,icmp,private,S0,21051,55422,160,0.1,neptune
0,udp,http,SF,379,885,6,1.0,normal
1764,tcp,ftp,REJ,41080,32427,200,0.1,neptune
33,tcp,ftp_data,SF,553,1412,9,1.0,saint
1615,icmp,ftp,REJ,39208,33161,192,0.1,normal
1057,tcp,other,REJ,33882,75029,156,0.1,neptune
1186,udp,other,S0,23236,48620,151,0.1,normal
38,udp,smtp,SF,176,1355,9,1.0,normal
860,tcp,telnet,REJ,32650,28221,219,0.1,mscan
7,icmp,private,SF,523,332,7,1.0,normal
16,udp,private,SF,584,352,6,1.0,normal
1891,udp,ftp,REJ,30226,46103,150,0.1,normal
546,icmp,ftp_data,S0,49974,57851,196,0.1,normal
1617,tcp,private,REJ,44809,69562,221,0.1,portsweep
16,udp,smtp,SF,341,589,6,1.0,normal
783,tcp,ssh,S0,27258,21559,196,0.1,saint
35,udp,private,SF,581,698,1,1.0,normal
1706,icmp,other,S0,46183,53100,213,0.1,normal
1510,udp,telnet,REJ,31927,41417,254,0.1,normal
7,tcp,telnet,SF,526,1020,2,1.0,normal
1022,udp,ftp_data,REJ,22738,66329,165,0.1,saint
19,tcp,smtp,SF,203,372,5,1.0,saint
1956,icmp,ftp,REJ,30602,24611,211,0.1,mscan
38,udp,http,SF,146,513,2,1.0,normal
1605,tcp,ftp_data,REJ,26111,36261,173,0.1,saint
1134,udp,ftp_data,S0,13122,57546,219,0.1,saint
16,tcp,http,SF,64,926,7,1.0,normal
7,icmp,http,SF,180,1015,9,1.0,saint
19,tcp,ssh,SF,533,186,7,1.0,normal
30,icmp,ftp,SF,444,847,10,1.0,normal
6,icmp,other,SF,258,299,7,1.0,normal
31,icmp,ftp,SF,295,580,9,1.0,normal
36,tcp,smtp,SF,157,934,2,1.0,normal
1631,udp,http,S0,49368,24406,198,0.1,portsweep
35,icmp,smtp,SF,66,868,1,1.0,mscan
1205,udp,telnet,REJ,41343,39651,216,0.1,normal
998,udp,ftp,REJ,25524,50981,157,0.1,neptune
1377,icmp,ssh,REJ,39969,35886,207,0.1,saint
17,icmp,telnet,SF,527,1130,6,1.0,normal
20,tcp,other,SF,564,827,3,1.0,mscan
19,icmp,private,SF,542,1436,7,1.0,normal
1357,tcp,telnet,S0,11297,21928,189,0.1,saint
1977,icmp,private,REJ,10811,25068,241,0.1,saint
15,icmp,telnet,SF,599,805,3,1.0,normal
642,tcp,ftp_data,S0,27502,78822,180,0.1,portsweep
0,udp,ftp_data,SF,303,307,9,1.0,mscan
33,tcp,ftp_data,SF,354,1092,4,1.0,normal
16,tcp,http,SF,529,623,5,1.0,normal
26,icmp,smtp,SF,421,286,6,1.0,normal
37,tcp,http,SF,186,1250,9,1.0,normal
25,tcp,ftp_data,SF,450,183,9,1.0,normal
1351,udp,ssh,S0,21173,68021,181,0.1,neptune
802,tcp,private,REJ,25842,66838,255,0.1,neptune
1,tcp,ftp,SF,573,530,8,1.0,normal
837,icmp,ssh,S0,26228,33095,229,0.1,portsweep
22,tcp,ssh,SF,157,1149,1,1.0,neptune
655,icmp,other,REJ,19424,75439,211,0.1,neptune
24,udp,other,SF,390,231,4,1.0,normal
15,udp,ssh,SF,227,1001,5,1.0,normal
959,udp,smtp,REJ,45749,45748,210,0.1,portsweep
21,tcp,http,SF,364,723,7,1.0,saint
1014,udp,private,S0,14197,25404,255,0.1,neptune
31,udp,smtp,SF,365,456,10,1.0,normal
23,icmp,smtp,SF,364,1334,9,1.0,normal
14,tcp,ftp_data,SF,354,462,10,1.0,neptune
1873,icmp,ftp,REJ,23518,34879,187,0.1,neptune
1965,icmp,smtp,REJ,37408,71051,238,0.1,normal
571,tcp,ftp,REJ,34776,60365,160,0.1,normal
1639,tcp,ftp_data,REJ,29265,68917,239,0.1,saint
4,tcp,private,SF,236,515,3,1.0,normal
1065,icmp,other,REJ,49081,36768,156,0.1,normal
34,udp,ssh,SF,339,198,2,1.0,portsweep
17,udp,ftp_data,SF,263,1243,3,1.0,normal
1,icmp,telnet,SF,561,1226,9,1.0,normal
40,udp,ftp,SF,278,115,6,1.0,normal
2,udp,other,SF,550,713,6,1.0,normal
40,icmp,http,SF,399,979,1,1.0,normal
36,udp,private,SF,385,851,1,1.0,normal
6,icmp,ftp_data,SF,203,756,8,1.0,normal
27,udp,smtp,SF,463,728,5,1.0,normal
20,icmp,ftp_data,SF,230,1309,10,1.0,normal
34,icmp,ftp_data,SF,107,219,1,1.0,normal
10,udp,http,SF,323,480,7,1.0,normal
30,tcp,ssh,SF,600,1305,9,1.0,normal
26,icmp,other,SF,400,211,8,1.0,normal
23,tcp,private,SF,313,181,4,1.0,normal
1303,udp,telnet,REJ,21513,66888,186,0.1,mscan
960,tcp,ftp,S0,18991,55562,200,0.1,portsweep
26,udp,ftp,SF,253,892,4,1.0,normal
37,icmp,http,SF,579,1031,5,1.0,normal
605,tcp,smtp,REJ,44015,66297,217,0.1,neptune
22,icmp,ssh,SF,60,957,8,1.0,normal
656,udp,ftp,S0,22234,77069,160,0.1,normal
28,tcp,http,SF,100,517,1,1.0,normal
1940,tcp,http,S0,40776,77461,253,0.1,portsweep
1421,tcp,smtp,REJ,29105,36360,221,0.1,portsweep
18,udp,private,SF,302,890,7,1.0,normal
953,udp,ftp_data,REJ,22739,61356,224,0.1,normal
4,icmp,other,SF,532,632,4,1.0,normal
13,icmp,ssh,SF,330,429,6,1.0,normal
1887,udp,ftp,REJ,12503,57759,255,0.1,normal
26,tcp,ftp,SF,228,1476,1,1.0,normal
1094,udp,private,REJ,32552,56820,245,0.1,saint
36,tcp,http,SF,342,1067,4,1.0,normal
24,icmp,ssh,SF,571,1197,9,1.0,normal
1108,icmp,other,S0,16972,44283,253,0.1,neptune
965,icmp,private,S0,29418,22923,194,0.1,saint
1402,icmp,http,REJ,35003,46388,212,0.1,portsweep
20,tcp,ftp_data,SF,335,1198,4,1.0,mscan
1824,tcp,smtp,REJ,39318,38341,255,0.1,saint
904,tcp,http,REJ,22464,56197,154,0.1,neptune
16,tcp,private,SF,125,319,9,1.0,normal
7,udp,http,SF,365,295,10,1.0,normal
15,udp,telnet,SF,394,195,4,1.0,normal
23,tcp,ssh,SF,129,1272,7,1.0,normal
914,icmp,other,S0,35819,62632,207,0.1,normal
663,udp,smtp,REJ,39508,43648,204,0.1,normal
23,icmp,http,SF,550,611,7,1.0,normal
5,icmp,ssh,SF,197,1376,7,1.0,normal
33,tcp,telnet,SF,593,1112,10,1.0,normal
34,tcp,telnet,SF,50,1233,10,1.0,normal
12,icmp,telnet,SF,583,397,10,1.0,saint
16,tcp,ftp_data,SF,396,477,8,1.0,normal
31,udp,ssh,SF,580,450,4,1.0,normal
14,tcp,ftp,SF,67,1198,9,1.0,normal
7,icmp,ssh,SF,564,1216,6,1.0,normal
18,tcp,ftp_data,SF,303,1415,9,1.0,normal
10,udp,ftp,SF,340,614,5,1.0,normal
1455,udp,telnet,REJ,10585,39605,206,0.1,portsweep
12,icmp,other,SF,411,1038,7,1.0,normal
18,tcp,http,SF,94,150,3,1.0,normal
15,udp,other,SF,104,1343,2,1.0,normal
25,tcp,private,SF,98,884,10,1.0,normal
6,tcp,ssh,SF,518,810,4,1.0,normal
1124,icmp,smtp,S0,32679,65579,253,0.1,normal
25,udp,http,SF,213,1227,4,1.0,normal
11,udp,ssh,SF,286,989,2,1.0,normal
1968,icmp,smtp,REJ,47316,44853,205,0.1,neptune
40,udp,ssh,SF,436,1240,2,1.0,normal
13,tcp,http,SF,71,1086,8,1.0,normal
25,icmp,http,SF,208,948,3,1.0,normal
3,icmp,ftp_data,SF,599,1242,2,1.0,normal
21,udp,http,SF,403,1343,1,1.0,normal
6,udp,ssh,SF,472,1397,1,1.0,normal
12,tcp,http,SF,170,612,2,1.0,normal
921,udp,ftp,REJ,15771,58580,162,0.1,neptune
21,tcp,smtp,SF,511,649,1,1.0,normal
25,tcp,other,SF,401,132,10,1.0,normal
1974,udp,telnet,S0,20659,71884,243,0.1,neptune
19,icmp,ssh,SF,153,753,3,1.0,normal
1731,icmp,telnet,REJ,34665,68581,250,0.1,neptune
20,udp,private,SF,444,623,3,1.0,normal
720,udp,private,REJ,18347,75327,197,0.1,portsweep
1208,icmp,ssh,REJ,19332,59955,207,0.1,mscan
36,udp,ssh,SF,186,440,5,1.0,normal
820,tcp,ftp,S0,15585,44016,228,0.1,portsweep
1833,udp,telnet,S0,22781,65794,193,0.1,normal
1505,tcp,ssh,S0,24775,21514,255,0.1,portsweep
23,tcp,ftp_data,SF,265,810,3,1.0,normal
27,tcp,http,SF,241,916,4,1.0,normal
23,udp,telnet,SF,283,883,2,1.0,normal
18,icmp,http,SF,197,768,1,1.0,normal
1478,udp,smtp,S0,49608,53386,184,0.1,mscan
1709,tcp,other,REJ,43147,59114,183,0.1,neptune
38,tcp,ftp,SF,572,838,2,1.0,normal
19,udp,ftp,SF,230,1451,5,1.0,normal
19,tcp,private,SF,200,271,3,1.0,normal
1854,tcp,ftp,REJ,10283,42078,175,0.1,saint
15,icmp,smtp,SF,535,1105,9,1.0,neptune
1528,icmp,telnet,REJ,25514,44826,220,0.1,normal
16,tcp,http,SF,516,538,7,1.0,saint
35,icmp,private,SF,234,1112,1,1.0,portsweep
2,udp,ssh,SF,162,753,10,1.0,normal
1110,udp,private,S0,36307,28300,248,0.1,portsweep
17,icmp,ftp_data,SF,135,818,1,1.0,normal
978,tcp,private,S0,10081,67708,235,0.1,mscan
14,udp,smtp,SF,103,100,1,1.0,normal
10,udp,telnet,SF,549,436,1,1.0,normal
7,tcp,smtp,SF,229,1260,2,1.0,normal
29,tcp,ftp_data,SF,270,1251,1,1.0,normal
40,icmp,ftp_data,SF,522,1073,8,1.0,normal
13,icmp,ftp_data,SF,212,538,2,1.0,normal
35,icmp,other,SF,391,670,10,1.0,normal
1440,tcp,smtp,S0,38601,40301,241,0.1,saint
37,icmp,ssh,SF,456,365,4,1.0,normal
13,icmp,other,SF,155,1456,2,1.0,normal
26,udp,ftp,SF,420,183,5,1.0,normal
29,icmp,ftp,SF,110,260,9,1.0,normal
38,udp,ftp,SF,129,833,2,1.0,normal
36,tcp,telnet,SF,486,1424,2,1.0,normal
852,tcp,smtp,S0,22848,26546,195,0.1,mscan
973,udp,ssh,REJ,37520,63196,225,0.1,portsweep
587,udp,private,REJ,28323,33679,155,0.1,neptune
548,icmp,ftp,S0,47185,72870,151,0.1,mscan
4,tcp,telnet,SF,126,1229,6,1.0,normal
679,icmp,http,REJ,31804,25243,253,0.1,neptune
15,tcp,http,SF,498,1252,7,1.0,normal
5,icmp,ftp,SF,197,825,7,1.0,normal
1154,tcp,telnet,S0,39424,33750,222,0.1,mscan
2,udp,ftp_data,SF,527,468,3,1.0,normal
5,tcp,ftp_data,SF,540,423,3,1.0,normal
19,tcp,ftp,SF,499,508,4,1.0,normal
14,tcp,telnet,SF,266,1444,6,1.0,normal
1603,tcp,smtp,S0,46376,23233,192,0.1,mscan
36,tcp,smtp,SF,412,350,2,1.0,normal
24,icmp,private,SF,364,920,10,1.0,normal
15,udp,telnet,SF,350,783,9,1.0,normal
1979,tcp,other,S0,28355,34640,219,0.1,saint
4,udp,ssh,SF,372,837,5,1.0,normal
1526,udp,smtp,REJ,46797,75840,156,0.1,normal
36,tcp,private,SF,331,958,6,1.0,normal
554,icmp,ftp,S0,42480,61054,224,0.1,normal
1927,udp,http,REJ,23737,23511,203,0.1,neptune
14,tcp,ftp_data,SF,395,810,5,1.0,normal
814,udp,ssh,S0,35791,39743,204,0.1,saint
33,icmp,telnet,SF,586,950,4,1.0,neptune
35,udp,telnet,SF,214,188,6,1.0,normal
1633,tcp,private,REJ,13541,58942,160,0.1,mscan
1922,icmp,other,REJ,18006,75406,205,0.1,portsweep
3,tcp,ftp_data,SF,98,1258,2,1.0,normal
1229,tcp,smtp,S0,17397,63864,230,0.1,portsweep
1061,udp,http,S0,10287,29588,186,0.1,saint
39,udp,ftp_data,SF,438,1005,9,1.0,normal
3,tcp,smtp,SF,286,993,2,1.0,normal
22,icmp,smtp,SF,436,1203,9,1.0,normal
24,udp,ftp,SF,427,485,3,1.0,normal
26,tcp,ssh,SF,330,656,1,1.0,normal
15,icmp,private,SF,416,947,1,1.0,normal
725,udp,http,S0,19107,74486,249,0.1,saint
1425,tcp,smtp,S0,29654,78096,163,0.1,mscan
30,udp,ftp,SF,229,1013,6,1.0,normal
26,tcp,smtp,SF,144,1275,4,1.0,normal
38,icmp,telnet,SF,414,906,2,1.0,normal
38,tcp,telnet,SF,144,169,6,1.0,normal
32,udp,telnet,SF,450,572,10,1.0,normal
21,tcp,ftp_data,SF,306,769,4,1.0,saint
1185,icmp,other,REJ,19315,37479,177,0.1,saint
22,icmp,smtp,SF,597,1437,7,1.0,normal
24,icmp,ftp,SF,303,366,5,1.0,normal
1460,icmp,http,S0,11031,63262,169,0.1,normal
6,icmp,private,SF,213,1121,2,1.0,normal
21,udp,other,SF,539,1123,9,1.0,saint
9,udp,http,SF,279,155,10,1.0,normal
1017,tcp,smtp,S0,39882,72639,181,0.1,saint
11,udp,private,SF,424,1153,6,1.0,mscan
34,icmp,private,SF,482,1097,1,1.0,normal
1386,icmp,ftp,S0,46299,30641,192,0.1,mscan
5,icmp,private,SF,252,874,6,1.0,normal
25,udp,ftp,SF,232,1255,8,1.0,normal
1452,icmp,ftp_data,REJ,22679,79478,173,0.1,saint
18,udp,ssh,SF,311,1401,1,1.0,portsweep
5,tcp,smtp,SF,442,1278,7,1.0,normal
1373,tcp,private,S0,45374,41636,226,0.1,mscan
705,udp,private,S0,18107,25860,203,0.1,mscan
504,udp,ssh,REJ,39937,78684,200,0.1,saint
1969,icmp,ssh,REJ,25829,39585,178,0.1,normal
23,icmp,telnet,SF,70,1378,4,1.0,mscan
10,icmp,ftp_data,SF,538,1342,9,1.0,normal
1310,icmp,smtp,S0,35340,27460,157,0.1,portsweep
29,tcp,other,SF,467,743,8,1.0,normal
27,tcp,private,SF,103,1393,10,1.0,normal
28,tcp,smtp,SF,56,460,7,1.0,normal
1159,udp,other,S0,27126,56823,151,0.1,saint
32,tcp,telnet,SF,226,1113,9,1.0,normal
1889,tcp,smtp,REJ,36507,26220,225,0.1,neptune
23,icmp,ftp_data,SF,271,697,2,1.0,portsweep
12,icmp,ftp,SF,259,358,6,1.0,normal
12,icmp,ftp,SF,282,1278,9,1.0,normal
3,icmp,ftp_data,SF,553,896,6,1.0,normal
980,udp,ftp,S0,41214,67419,252,0.1,mscan
721,tcp,http,REJ,29640,28990,235,0.1,saint
37,udp,smtp,SF,369,1188,8,1.0,normal
819,udp,private,S0,23571,41774,249,0.1,normal
23,udp,ftp_data,SF,173,1170,1,1.0,normal
774,udp,smtp,REJ,28862,70138,171,0.1,saint
1143,icmp,ftp_data,REJ,27108,74730,173,0.1,saint
7,icmp,ftp,SF,465,895,7,1.0,normal
1,udp,ftp_data,SF,260,832,3,1.0,normal
29,udp,ftp,SF,401,571,9,1.0,normal
36,tcp,smtp,SF,170,152,9,1.0,normal
1858,icmp,smtp,REJ,35075,39910,169,0.1,normal
29,icmp,other,SF,92,1422,7,1.0,normal
884,icmp,private,REJ,27696,52511,227,0.1,neptune
975,icmp,ssh,S0,29309,38062,187,0.1,normal
31,icmp,telnet,SF,485,408,3,1.0,portsweep
2,icmp,ftp,SF,475,1022,2,1.0,normal
1751,icmp,http,S0,13590,33113,167,0.1,neptune
31,udp,smtp,SF,344,1068,10,1.0,normal
2,tcp,http,SF,112,249,10,1.0,normal
23,udp,telnet,SF,596,236,1,1.0,normal
1407,udp,telnet,S0,35461,70192,163,0.1,neptune
35,udp,private,SF,258,887,3,1.0,mscan
27,tcp,ftp,SF,297,1225,1,1.0,portsweep
11,tcp,private,SF,349,603,7,1.0,normal
1661,udp,http,S0,19125,63888,241,0.1,normal
8,icmp,ftp,SF,77,1417,7,1.0,normal
672,icmp,other,S0,45398,54826,156,0.1,neptune
12,udp,private,SF,315,983,5,1.0,normal
25,icmp,other,SF,391,1486,8,1.0,normal
9,udp,telnet,SF,234,1405,8,1.0,neptune
15,tcp,other,SF,455,660,8,1.0,normal
37,udp,http,SF,426,147,8,1.0,normal
1430,tcp,smtp,REJ,37551,76136,212,0.1,saint
26,icmp,http,SF,297,1150,6,1.0,neptune
1889,tcp,http,S0,44024,28658,243,0.1,mscan
675,icmp,ftp,S0,47711,33234,181,0.1,normal
587,icmp,other,REJ,34663,74209,255,0.1,mscan
846,udp,telnet,REJ,32018,62687,239,0.1,saint
706,udp,ssh,REJ,33837,20866,163,0.1,portsweep
23,icmp,telnet,SF,339,1243,5,1.0,normal
1320,tcp,other,REJ,32706,61572,169,0.1,neptune
18,tcp,smtp,SF,169,466,3,1.0,normal
1880,icmp,telnet,S0,17427,48265,213,0.1,saint
30,icmp,telnet,SF,395,423,2,1.0,normal
17,icmp,ssh,SF,263,940,8,1.0,normal
3,tcp,http,SF,383,465,7,1.0,normal
2,udp,http,SF,425,113,10,1.0,mscan
3,icmp,ssh,SF,547,342,10,1.0,normal
34,udp,http,SF,122,558,1,1.0,normal
40,tcp,ssh,SF,202,298,1,1.0,normal
28,icmp,ssh,SF,515,1226,1,1.0,normal
32,tcp,http,SF,402,142,7,1.0,normal
20,tcp,ftp_data,SF,404,1302,8,1.0,normal
26,tcp,ssh,SF,186,1150,10,1.0,normal
24,tcp,ssh,SF,102,939,5,1.0,normal
18,udp,telnet,SF,410,526,1,1.0,normal
18,tcp,smtp,SF,263,939,6,1.0,normal
1282,icmp,private,S0,17303,35520,254,0.1,neptune
7,udp,private,SF,191,360,4,1.0,normal
568,icmp,private,REJ,11077,21375,186,0.1,normal
1402,tcp,http,S0,33966,40951,234,0.1,portsweep
1843,tcp,http,REJ,21067,76633,213,0.1,portsweep
38,udp,smtp,SF,548,1309,6,1.0,normal
25,udp,ftp,SF,131,1379,4,1.0,normal
20,udp,ftp,SF,488,402,1,1.0,normal
39,tcp,ssh,SF,385,1199,3,1.0,normal
5,udp,smtp,SF,457,1018,10,1.0,normal
5,udp,telnet,SF,540,731,9,1.0,normal
741,udp,ftp_data,REJ,13614,57301,203,0.1,neptune
29,tcp,telnet,SF,438,737,2,1.0,normal
15,udp,ftp_data,SF,330,872,3,1.0,normal
6,icmp,ftp,SF,428,1152,8,1.0,normal
723,udp,telnet,REJ,49983,61676,221,0.1,portsweep
709,tcp,telnet,REJ,44161,56769,170,0.1,normal
28,udp,http,SF,175,1255,3,1.0,normal
878,icmp,ssh,S0,40786,20425,184,0.1,portsweep
3,icmp,telnet,SF,296,414,3,1.0,normal
1391,tcp,telnet,S0,13670,25712,186,0.1,saint
38,udp,ssh,SF,117,671,3,1.0,mscan
6,tcp,ssh,SF,560,1289,7,1.0,normal
1783,tcp,other,REJ,13284,57522,152,0.1,saint
30,tcp,ssh,SF,135,780,6,1.0,normal
30,tcp,smtp,SF,129,421,4,1.0,normal
27,udp,ssh,SF,310,979,4,1.0,normal
1745,udp,ftp,REJ,13541,66638,188,0.1,mscan
1873,tcp,ftp,REJ,38326,25662,234,0.1,normal
1146,tcp,private,REJ,39044,23773,184,0.1,mscan
35,icmp,ftp,SF,484,177,4,1.0,normal
33,tcp,http,SF,53,1319,1,1.0,normal
40,tcp,smtp,SF,237,1476,8,1.0,normal
1200,icmp,smtp,S0,33207,30385,169,0.1,normal
39,icmp,telnet,SF,545,205,7,1.0,mscan
1047,icmp,telnet,REJ,39525,39382,253,0.1,saint
1534,udp,private,REJ,44113,20125,162,0.1,neptune
14,udp,other,SF,308,381,5,1.0,normal
26,udp,smtp,SF,133,252,5,1.0,normal
34,udp,smtp,SF,467,1479,4,1.0,normal
1517,tcp,http,REJ,43370,60544,195,0.1,portsweep
30,tcp,telnet,SF,86,963,4,1.0,normal
1659,icmp,ftp_data,REJ,24755,70750,196,0.1,mscan
28,udp,smtp,SF,146,748,9,1.0,normal
36,tcp,ftp_data,SF,130,110,8,1.0,portsweep
36,tcp,other,SF,462,214,8,1.0,portsweep
14,udp,private,SF,276,1402,1,1.0,neptune
18,udp,ssh,SF,136,1498,8,1.0,normal
6,tcp,ftp,SF,174,482,8,1.0,normal
637,tcp,smtp,REJ,38008,71038,180,0.1,saint
21,udp,ftp_data,SF,391,584,3,1.0,normal
1791,icmp,ftp_data,REJ,35228,36392,244,0.1,portsweep
985,tcp,smtp,REJ,33501,58584,227,0.1,saint
35,udp,ftp_data,SF,388,948,1,1.0,normal
1568,udp,http,REJ,22652,53685,170,0.1,normal
1501,udp,ftp_data,S0,21445,39601,183,0.1,portsweep
22,udp,http,SF,338,732,3,1.0,normal
1787,tcp,ftp_data,REJ,39936,73693,152,0.1,neptune
29,tcp,ftp,SF,516,146,3,1.0,normal
3,tcp,ssh,SF,147,1336,10,1.0,normal
1166,icmp,other,S0,30520,68348,248,0.1,neptune
31,icmp,other,SF,177,342,10,1.0,portsweep
966,udp,http,S0,22136,60711,241,0.1,normal
5,tcp,smtp,SF,392,1294,10,1.0,mscan
677,udp,ftp,REJ,37765,23080,254,0.1,portsweep
875,tcp,http,REJ,41157,76319,178,0.1,mscan
40,icmp,http,SF,267,932,4,1.0,normal
1351,tcp,smtp,REJ,42554,76076,250,0.1,normal
2,tcp,http,SF,441,316,5,1.0,normal
29,icmp,ssh,SF,340,1437,5,1.0,normal
18,udp,http,SF,106,1225,9,1.0,normal
5,tcp,private,SF,199,1137,7,1.0,normal
16,icmp,http,SF,55,1082,1,1.0,normal
985,udp,telnet,S0,22286,63884,244,0.1,mscan
1345,icmp,other,REJ,46079,21908,244,0.1,mscan
1263,udp,private,REJ,30003,22211,210,0.1,portsweep
18,tcp,private,SF,457,514,9,1.0,normal
12,icmp,telnet,SF,517,256,1,1.0,normal
1689,tcp,http,S0,27358,38985,153,0.1,neptune
28,tcp,telnet,SF,259,993,6,1.0,mscan
1,tcp,telnet,SF,504,416,2,1.0,normal
12,udp,telnet,SF,98,1004,9,1.0,saint
28,tcp,private,SF,362,1421,7,1.0,normal
1237,icmp,other,REJ,30702,48696,157,0.1,neptune
3,udp,telnet,SF,527,194,5,1.0,normal
3,udp,private,SF,154,845,9,1.0,saint
2,icmp,other,SF,594,743,4,1.0,normal
6,udp,http,SF,131,207,4,1.0,normal
962,icmp,http,S0,18250,32159,191,0.1,portsweep
769,icmp,ftp_data,S0,45202,45429,246,0.1,normal
37,icmp,telnet,SF,232,722,3,1.0,normal
1773,tcp,smtp,S0,35295,38459,224,0.1,mscan
1269,tcp,telnet,REJ,45705,37950,213,0.1,portsweep
20,udp,private,SF,327,353,8,1.0,portsweep
35,tcp,ssh,SF,192,1152,8,1.0,normal
24,tcp,ftp_data,SF,476,615,10,1.0,normal
23,icmp,telnet,SF,266,1019,3,1.0,normal
20,icmp,ftp,SF,50,114,10,1.0,normal
1353,tcp,telnet,S0,11590,24149,185,0.1,neptune
28,icmp,http,SF,537,891,8,1.0,portsweep
19,tcp,ftp,SF,296,699,3,1.0,normal
654,tcp,other,REJ,30080,40272,187,0.1,saint
919,icmp,ftp,REJ,43747,64562,161,0.1,normal
1,udp,telnet,SF,51,793,1,1.0,normal
28,udp,ftp,SF,379,555,5,1.0,normal
747,udp,ftp_data,S0,14038,29295,157,0.1,neptune
38,udp,telnet,SF,336,189,5,1.0,normal
14,tcp,http,SF,288,1358,9,1.0,normal
40,udp,http,SF,290,1320,1,1.0,portsweep
8,udp,smtp,SF,196,894,9,1.0,normal
1124,tcp,ftp_data,S0,15047,44897,225,0.1,portsweep
905,tcp,ftp_data,REJ,20225,33602,237,0.1,normal
1741,tcp,ftp_data,S0,32826,25755,232,0.1,normal
5,udp,other,SF,556,448,2,1.0,normal
33,udp,smtp,SF,137,108,5,1.0,normal
4,tcp,smtp,SF,63,993,9,1.0,normal
1479,tcp,ftp,S0,45665,27706,245,0.1,neptune
1194,udp,ftp_data,S0,36277,46828,251,0.1,saint
7,udp,other,SF,380,969,10,1.0,normal
19,icmp,ssh,SF,144,173,5,1.0,normal
10,tcp,other,SF,357,729,1,1.0,normal
1,icmp,telnet,SF,377,524,5,1.0,normal
33,udp,private,SF,584,1255,9,1.0,normal
13,tcp,smtp,SF,343,1257,2,1.0,normal
36,udp,telnet,SF,329,158,1,1.0,normal
15,icmp,smtp,SF,71,1432,8,1.0,neptune
10,tcp,telnet,SF,352,186,1,1.0,normal
1,tcp,ssh,SF,50,159,9,1.0,normal
33,tcp,ftp_data,SF,521,1017,2,1.0,normal
10,udp,ssh,SF,595,1218,5,1.0,normal
29,udp,ftp_data,SF,298,1312,5,1.0,normal
9,icmp,private,SF,384,1228,5,1.0,normal
892,udp,http,S0,31390,58132,206,0.1,mscan
22,tcp,other,SF,498,1296,5,1.0,mscan
825,tcp,private,S0,14713,75866,165,0.1,saint
2,udp,ssh,SF,330,342,2,1.0,portsweep
751,tcp,private,REJ,15327,27452,245,0.1,neptune
20,udp,smtp,SF,70,1409,1,1.0,normal
8,icmp,other,SF,58,934,1,1.0,normal
26,icmp,other,SF,507,948,4,1.0,mscan
1533,tcp,ftp_data,REJ,35713,61882,237,0.1,neptune
23,udp,ssh,SF,310,524,3,1.0,normal
1078,udp,ftp,REJ,16432,61254,223,0.1,neptune
1872,tcp,ftp,S0,36665,74274,203,0.1,neptune
7,icmp,other,SF,394,318,3,1.0,normal
37,tcp,private,SF,232,1402,5,1.0,normal
26,icmp,http,SF,139,809,5,1.0,normal
940,udp,other,S0,15631,37508,228,0.1,saint
17,icmp,ftp,SF,498,164,7,1.0,normal
21,udp,ssh,SF,486,781,5,1.0,neptune
15,icmp,ftp,SF,212,242,9,1.0,normal
40,icmp,ftp_data,SF,161,287,10,1.0,normal
13,udp,smtp,SF,122,1449,10,1.0,mscan
36,icmp,http,SF,58,505,10,1.0,normal
765,udp,ftp,REJ,36215,28680,173,0.1,neptune
517,udp,ftp,S0,27849,21432,248,0.1,portsweep
34,icmp,private,SF,420,432,9,1.0,normal
1327,udp,ssh,REJ,44661,59909,150,0.1,neptune
29,tcp,smtp,SF,160,192,7,1.0,normal
18,tcp,ftp,SF,510,121,6,1.0,normal
12,udp,http,SF,562,160,9,1.0,normal
20,udp,ssh,SF,199,1372,9,1.0,normal
31,tcp,other,SF,342,699,4,1.0,normal
13,udp,telnet,SF,94,166,3,1.0,normal
1623,tcp,ftp,S0,44648,53549,212,0.1,saint
1298,tcp,ssh,REJ,46289,34115,235,0.1,normal
1998,tcp,http,S0,23849,37062,242,0.1,portsweep
28,icmp,smtp,SF,203,716,5,1.0,normal
20,udp,http,SF,223,361,5,1.0,normal
39,tcp,private,SF,591,1418,10,1.0,mscan
1241,tcp,ftp_data,REJ,41037,60753,186,0.1,portsweep
23,udp,smtp,SF,427,1341,7,1.0,normal
22,tcp,ftp_data,SF,94,628,8,1.0,neptune
14,icmp,private,SF,192,1286,9,1.0,normal
1067,icmp,telnet,REJ,15580,47205,164,0.1,saint
32,udp,telnet,SF,526,1221,9,1.0,normal
18,tcp,telnet,SF,244,282,1,1.0,normal
23,tcp,other,SF,454,907,7,1.0,normal
4,udp,smtp,SF,232,145,9,1.0,portsweep
26,udp,http,SF,593,1111,4,1.0,normal
40,icmp,http,SF,320,154,5,1.0,normal
15,icmp,ssh,SF,339,677,10,1.0,normal
23,udp,http,SF,259,811,9,1.0,normal
27,icmp,private,SF,184,1028,6,1.0,normal
14,tcp,ftp,SF,421,157,10,1.0,normal
736,icmp,other,REJ,42234,76944,204,0.1,saint
14,udp,http,SF,328,198,2,1.0,normal
1525,tcp,http,S0,48143,44438,185,0.1,normal
1271,tcp,private,REJ,10125,34542,240,0.1,neptune
11,icmp,http,SF,426,994,10,1.0,normal
5,tcp,ssh,SF,244,982,3,1.0,normal
26,tcp,http,SF,394,204,3,1.0,neptune
1926,tcp,other,REJ,24218,50266,228,0.1,mscan
1406,udp,ftp,REJ,32281,69348,160,0.1,mscan
1,udp,smtp,SF,104,223,9,1.0,normal
28,tcp,other,SF,268,1487,4,1.0,mscan
40,icmp,smtp,SF,418,186,10,1.0,normal
23,tcp,ftp,SF,356,1269,2,1.0,normal
4,icmp,ftp,SF,101,1166,8,1.0,normal
17,icmp,http,SF,270,1117,9,1.0,mscan
34,icmp,ssh,SF,249,1354,2,1.0,normal
1803,tcp,other,S0,35209,56812,187,0.1,normal
38,udp,http,SF,371,539,7,1.0,normal
3,icmp,ftp_data,SF,467,735,10,1.0,normal
511,udp,http,REJ,12928,39501,154,0.1,saint
821,icmp,ftp_data,S0,23012,35480,185,0.1,neptune
622,tcp,ftp,S0,49717,32436,167,0.1,neptune
22,icmp,http,SF,264,691,1,1.0,normal
2,tcp,http,SF,275,273,1,1.0,normal
1217,tcp,other,S0,11048,72375,206,0.1,neptune
31,udp,smtp,SF,289,117,4,1.0,normal
662,tcp,http,REJ,17784,56105,249,0.1,neptune
13,tcp,other,SF,116,621,7,1.0,normal
1406,udp,smtp,S0,43580,73143,206,0.1,normal
1060,icmp,other,REJ,40818,37342,241,0.1,normal
29,tcp,telnet,SF,558,216,7,1.0,normal
24,udp,http,SF,531,881,10,1.0,normal
22,icmp,ftp,SF,598,1145,3,1.0,normal
35,icmp,ssh,SF,209,1341,6,1.0,normal
0,udp,ftp,SF,55,1079,3,1.0,normal
34,icmp,http,SF,257,348,9,1.0,mscan
22,udp,ftp_data,SF,501,1264,7,1.0,normal
20,udp,ssh,SF,578,303,8,1.0,normal
25,tcp,smtp,SF,126,344,1,1.0,normal
1152,udp,smtp,S0,41795,49751,227,0.1,mscan
23,icmp,other,SF,353,672,7,1.0,normal
8,udp,other,SF,433,638,7,1.0,normal
1039,tcp,http,REJ,48160,74219,179,0.1,saint
1338,udp,telnet,REJ,10416,56876,202,0.1,mscan
20,tcp,http,SF,61,381,7,1.0,mscan
1455,icmp,ftp_data,S0,38590,26499,165,0.1,normal
1123,icmp,ftp_data,REJ,32903,36388,176,0.1,normal
14,tcp,ftp,SF,61,695,6,1.0,normal
716,udp,ftp_data,S0,29501,48724,165,0.1,neptune
1740,tcp,ftp_data,S0,10386,36628,177,0.1,saint
28,tcp,ssh,SF,512,206,8,1.0,normal
1071,udp,smtp,S0,12979,67355,150,0.1,normal
26,icmp,http,SF,200,1291,7,1.0,normal
0,tcp,http,SF,546,1074,6,1.0,saint
26,tcp,telnet,SF,502,1253,8,1.0,normal
26,udp,ftp_data,SF,111,813,9,1.0,normal
33,udp,other,SF,261,1045,2,1.0,normal
19,icmp,ssh,SF,227,665,5,1.0,normal
873,icmp,ssh,REJ,16492,37930,180,0.1,normal
33,tcp,smtp,SF,563,1245,4,1.0,normal
897,tcp,http,REJ,16424,23143,227,0.1,neptune
27,udp,smtp,SF,274,129,1,1.0,mscan
39,icmp,telnet,SF,356,649,5,1.0,normal
3,tcp,smtp,SF,448,214,4,1.0,normal
1940,tcp,http,S0,17362,26312,220,0.1,saint
548,icmp,ftp_data,REJ,48449,43953,188,0.1,portsweep
1115,icmp,other,REJ,36633,22301,169,0.1,saint
847,tcp,ftp,REJ,40760,77835,211,0.1,mscan
40,tcp,ftp_data,SF,452,359,1,1.0,normal
6,udp,http,SF,223,673,4,1.0,normal
17,icmp,ftp,SF,321,423,2,1.0,normal
40,icmp,private,SF,477,947,5,1.0,saint
20,tcp,ftp,SF,498,783,9,1.0,normal
5,tcp,ftp_data,SF,573,335,1,1.0,normal
1054,tcp,other,REJ,47353,28725,167,0.1,mscan
1321,tcp,telnet,S0,31062,44288,224,0.1,normal
1304,tcp,ssh,REJ,43015,47820,156,0.1,mscan
35,tcp,ssh,SF,198,712,2,1.0,saint
10,tcp,ssh,SF,424,427,7,1.0,normal
647,udp,telnet,REJ,10423,39030,166,0.1,normal
1224,tcp,smtp,S0,44399,25581,250,0.1,saint
7,tcp,smtp,SF,57,1472,2,1.0,normal
1647,tcp,ssh,REJ,37604,24225,241,0.1,portsweep
518,udp,other,S0,35634,38148,165,0.1,neptune
25,icmp,ssh,SF,103,755,9,1.0,normal
11,udp,telnet,SF,356,561,5,1.0,portsweep
1980,tcp,ftp,REJ,47028,69129,177,0.1,portsweep
38,udp,http,SF,206,1459,10,1.0,neptune
1,icmp,other,SF,224,456,8,1.0,normal
39,udp,http,SF,109,115,8,1.0,normal
25,icmp,ftp_data,SF,192,1364,4,1.0,normal
4,icmp,private,SF,229,628,2,1.0,normal
39,udp,ftp,SF,257,741,5,1.0,normal
11,icmp,other,SF,104,473,7,1.0,mscan
1080,udp,telnet,REJ,41667,25350,210,0.1,portsweep
13,tcp,ftp_data,SF,229,347,2,1.0,normal
1782,udp,ssh,REJ,21257,34137,216,0.1,normal
3,tcp,smtp,SF,393,672,2,1.0,normal
1907,icmp,http,S0,35508,22359,172,0.1,normal
38,icmp,ftp,SF,399,368,1,1.0,normal
759,udp,smtp,REJ,20330,30434,150,0.1,neptune
1,tcp,ssh,SF,320,1434,4,1.0,portsweep
8,tcp,ftp,SF,515,523,9,1.0,normal
39,icmp,http,SF,355,1498,5,1.0,normal
811,udp,http,REJ,21304,74833,156,0.1,neptune
4,icmp,private,SF,205,1089,2,1.0,normal
6,tcp,private,SF,129,1182,4,1.0,normal
8,icmp,ftp,SF,432,1161,9,1.0,normal
2,tcp,telnet,SF,274,326,1,1.0,normal
1911,icmp,smtp,S0,45898,48039,192,0.1,saint
21,icmp,http,SF,268,151,9,1.0,normal
28,udp,ftp_data,SF,475,658,5,1.0,normal
12,tcp,private,SF,67,681,7,1.0,normal
39,icmp,ssh,SF,586,836,9,1.0,normal
4,udp,http,SF,594,657,5,1.0,normal
17,udp,private,SF,511,274,5,1.0,normal
847,tcp,ftp_data,S0,49619,31515,229,0.1,neptune
34,udp,smtp,SF,532,103,5,1.0,normal
1696,tcp,ssh,REJ,24303,50321,216,0.1,normal
39,udp,smtp,SF,357,727,4,1.0,normal
17,udp,telnet,SF,485,131,6,1.0,normal
23,udp,telnet,SF,505,365,6,1.0,normal
21,tcp,private,SF,212,409,8,1.0,normal
896,tcp,ftp_data,S0,18682,24177,163,0.1,saint
0,tcp,smtp,SF,184,1071,7,1.0,normal
1209,tcp,other,REJ,28662,63461,185,0.1,normal
39,icmp,ftp_data,SF,547,1012,5,1.0,normal
1053,icmp,telnet,REJ,49146,34003,239,0.1,normal
0,tcp,ssh,SF,541,125,8,1.0,normal
19,udp,smtp,SF,421,929,1,1.0,saint
35,icmp,other,SF,83,1015,4,1.0,normal
13,tcp,smtp,SF,188,855,5,1.0,normal
11,udp,private,SF,566,1275,6,1.0,mscan
24,icmp,other,SF,140,912,3,1.0,normal
22,udp,private,SF,252,1178,1,1.0,mscan
31,icmp,ftp,SF,492,113,5,1.0,normal
1852,icmp,ssh,REJ,31881,31235,222,0.1,saint
1448,icmp,ssh,S0,18308,64417,211,0.1,normal
36,udp,smtp,SF,205,1308,2,1.0,portsweep
28,icmp,other,SF,115,321,7,1.0,normal
21,icmp,private,SF,448,620,3,1.0,normal
28,tcp,ftp_data,SF,422,323,9,1.0,normal
11,udp,smtp,SF,50,1040,6,1.0,normal
8,udp,other,SF,200,492,3,1.0,normal
34,tcp,ftp_data,SF,360,188,6,1.0,mscan
532,icmp,other,S0,35943,34346,244,0.1,saint
16,tcp,smtp,SF,574,867,4,1.0,mscan
15,icmp,ssh,SF,523,327,6,1.0,normal
1439,tcp,smtp,S0,16402,59852,198,0.1,saint
1126,tcp,http,S0,45539,37510,210,0.1,mscan
1346,tcp,http,REJ,38860,28210,219,0.1,portsweep
856,udp,ftp,REJ,32596,75836,156,0.1,normal
23,icmp,other,SF,468,1199,6,1.0,normal
1462,icmp,smtp,S0,22121,41554,239,0.1,saint
1351,tcp,ftp,REJ,23947,64020,217,0.1,mscan
17,tcp,private,SF,551,1393,6,1.0,normal
5,tcp,http,SF,318,461,2,1.0,normal
39,udp,other,SF,487,286,4,1.0,normal
29,icmp,smtp,SF,513,243,3,1.0,normal
8,udp,private,SF,221,1066,6,1.0,normal
38,icmp,smtp,SF,147,1485,5,1.0,normal
39,icmp,ftp_data,SF,262,1424,1,1.0,mscan
0,tcp,http,SF,234,997,8,1.0,normal
23,tcp,other,SF,275,569,7,1.0,normal
1744,udp,http,REJ,44717,74410,231,0.1,normal
1941,icmp,http,S0,12369,55452,184,0.1,normal
26,tcp,ftp_data,SF,372,561,3,1.0,normal
560,tcp,ftp_data,REJ,22515,29129,202,0.1,portsweep
1462,tcp,ftp,S0,33343,25817,226,0.1,portsweep
39,udp,smtp,SF,392,1270,5,1.0,normal
1718,tcp,ftp_data,REJ,35867,40622,229,0.1,mscan
21,icmp,http,SF,120,390,3,1.0,normal
14,tcp,telnet,SF,102,1416,7,1.0,portsweep
0,tcp,private,SF,234,383,4,1.0,normal
29,icmp,telnet,SF,104,799,10,1.0,normal
671,icmp,ssh,REJ,41792,41032,220,0.1,normal
3,tcp,private,SF,142,1121,10,1.0,normal
716,icmp,private,REJ,19199,79368,192,0.1,mscan
1180,udp,ssh,REJ,31992,79518,175,0.1,neptune
17,udp,smtp,SF,373,714,6,1.0,normal
921,icmp,ftp_data,S0,45497,37155,201,0.1,neptune
23,icmp,smtp,SF,580,144,8,1.0,normal
1000,udp,ftp_data,REJ,41976,52360,188,0.1,mscan
1733,icmp,http,S0,28841,27606,235,0.1,normal
631,tcp,other,REJ,45682,33766,150,0.1,portsweep
1384,tcp,telnet,S0,25016,39471,213,0.1,mscan
1816,icmp,telnet,S0,36838,53518,251,0.1,portsweep
32,tcp,ftp_data,SF,179,471,6,1.0,normal
24,icmp,http,SF,368,362,7,1.0,normal
37,udp,ftp_data,SF,230,359,5,1.0,normal
1280,icmp,private,S0,18390,21206,230,0.1,portsweep
11,icmp,http,SF,319,669,10,1.0,normal
17,icmp,other,SF,188,499,7,1.0,normal
10,icmp,other,SF,207,746,1,1.0,normal
2,udp,private,SF,81,409,5,1.0,normal
8,udp,smtp,SF,300,986,6,1.0,saint
3,tcp,other,SF,339,240,1,1.0,normal
1161,tcp,private,REJ,18835,75537,173,0.1,neptune
22,icmp,ftp,SF,275,783,8,1.0,normal
1352,udp,telnet,S0,21923,21627,195,0.1,normal
30,tcp,ssh,SF,436,904,1,1.0,normal
1614,udp,smtp,S0,18814,61742,173,0.1,saint
16,icmp,ftp_data,SF,511,627,7,1.0,normal
21,tcp,ftp,SF,226,679,3,1.0,saint
22,udp,other,SF,119,945,10,1.0,normal
32,tcp,other,SF,169,493,2,1.0,normal
12,icmp,ssh,SF,349,372,8,1.0,normal
1089,icmp,private,REJ,48867,74020,242,0.1,mscan
1,udp,ssh,SF,334,363,9,1.0,normal
27,icmp,ftp_data,SF,53,586,6,1.0,normal
12,tcp,ftp_data,SF,284,115,4,1.0,normal
1813,udp,ssh,S0,15461,47273,171,0.1,saint
663,icmp,ftp_data,REJ,36177,40880,250,0.1,portsweep
1293,icmp,ftp_data,REJ,28037,37315,246,0.1,neptune
16,icmp,telnet,SF,441,876,1,1.0,normal
23,udp,ftp,SF,176,401,2,1.0,normal
789,udp,smtp,REJ,30690,75522,249,0.1,normal
16,icmp,smtp,SF,401,536,2,1.0,normal
10,tcp,private,SF,170,1455,4,1.0,mscan
36,tcp,other,SF,431,230,10,1.0,saint
12,udp,telnet,SF,108,1028,9,1.0,normal
889,icmp,ssh,S0,34893,71647,253,0.1,normal
13,tcp,ftp,SF,504,564,1,1.0,normal
8,icmp,http,SF,66,996,2,1.0,mscan
1061,icmp,ssh,S0,20421,39357,184,0.1,neptune
1300,icmp,http,REJ,48643,46263,157,0.1,saint
1,tcp,other,SF,566,1296,8,1.0,normal
20,icmp,http,SF,541,1098,1,1.0,normal
30,tcp,ftp,SF,175,411,2,1.0,normal
1055,icmp,ftp,REJ,21993,77205,177,0.1,portsweep
40,tcp,smtp,SF,196,1110,2,1.0,normal
528,tcp,ssh,REJ,36769,57662,228,0.1,normal
32,udp,ssh,SF,228,584,7,1.0,normal
1551,tcp,ftp_data,S0,12919,61767,168,0.1,mscan
773,tcp,ftp_data,S0,47546,41082,210,0.1,portsweep
1079,udp,smtp,S0,23890,38473,173,0.1,saint
2,tcp,ftp_data,SF,293,230,1,1.0,normal
939,icmp,telnet,S0,24686,20604,171,0.1,normal
12,udp,ssh,SF,187,1344,3,1.0,normal
14,tcp,ftp_data,SF,192,1065,1,1.0,normal
3,icmp,ftp_data,SF,312,349,4,1.0,normal
36,icmp,other,SF,130,1297,4,1.0,normal
536,udp,ftp,REJ,40684,79995,194,0.1,mscan
898,tcp,smtp,REJ,26153,23969,241,0.1,mscan
36,icmp,ftp,SF,77,1085,8,1.0,normal
562,tcp,smtp,S0,48739,46981,240,0.1,portsweep
1586,tcp,private,REJ,10881,50213,175,0.1,portsweep
27,tcp,telnet,SF,405,1454,1,1.0,portsweep
1905,tcp,ftp,REJ,35092,70226,216,0.1,portsweep
714,icmp,private,S0,16076,58030,187,0.1,normal
12,tcp,ftp_data,SF,538,930,6,1.0,normal
8,udp,smtp,SF,510,724,2,1.0,normal
31,tcp,ftp,SF,346,704,7,1.0,normal
1625,udp,other,REJ,23491,41125,206,0.1,mscan
20,tcp,other,SF,406,1284,3,1.0,normal
25,udp,ftp_data,SF,512,1032,2,1.0,normal
751,icmp,http,S0,42775,29333,199,0.1,saint
38,tcp,private,SF,133,819,1,1.0,normal
16,icmp,other,SF,291,156,2,1.0,normal
9,icmp,private,SF,201,1314,7,1.0,normal
1445,tcp,other,REJ,49818,52919,193,0.1,normal
514,tcp,ssh,REJ,20362,28997,223,0.1,normal
811,udp,ssh,REJ,34412,77555,180,0.1,mscan
18,tcp,ssh,SF,509,906,1,1.0,normal
0,tcp,ssh,SF,102,359,8,1.0,normal
1,tcp,ftp_data,SF,165,384,1,1.0,normal
1803,icmp,private,S0,32025,33518,202,0.1,mscan
1966,tcp,other,S0,21024,47281,255,0.1,neptune
24,udp,telnet,SF,530,219,4,1.0,normal
30,tcp,other,SF,498,668,9,1.0,normal
13,icmp,ssh,SF,512,806,2,1.0,normal
38,udp,telnet,SF,187,733,6,1.0,normal
11,udp,ftp,SF,107,1359,6,1.0,normal
1810,icmp,ssh,S0,32639,24766,174,0.1,saint
30,tcp,other,SF,295,812,10,1.0,normal
40,tcp,http,SF,472,171,2,1.0,normal
8,udp,ftp_data,SF,149,872,7,1.0,normal
29,tcp,ftp,SF,350,1075,5,1.0,normal
1342,tcp,telnet,S0,28125,47204,151,0.1,neptune
13,udp,telnet,SF,437,1346,4,1.0,normal
13,udp,telnet,SF,238,1053,9,1.0,normal
18,udp,other,SF,150,1200,1,1.0,normal
10,icmp,http,SF,385,326,3,1.0,normal
1075,tcp,http,REJ,25620,79331,190,0.1,portsweep
29,tcp,ftp_data,SF,173,712,4,1.0,normal
29,udp,telnet,SF,342,1352,1,1.0,normal
709,tcp,ftp,S0,36209,34639,164,0.1,saint
39,tcp,ftp,SF,177,1421,4,1.0,normal
668,udp,http,S0,22048,68240,193,0.1,portsweep
1113,tcp,ssh,REJ,45420,27574,235,0.1,portsweep
30,tcp,private,SF,531,1006,2,1.0,normal
12,udp,ssh,SF,188,469,1,1.0,normal
1360,icmp,ftp_data,S0,41607,47917,159,0.1,saint
30,icmp,ftp,SF,355,1350,3,1.0,normal
9,udp,telnet,SF,330,1364,3,1.0,normal
17,tcp,private,SF,517,605,4,1.0,saint
1033,icmp,ssh,S0,15261,76868,222,0.1,saint
4,icmp,smtp,SF,342,1067,8,1.0,normal
17,icmp,http,SF,130,1276,1,1.0,normal
26,tcp,ftp_data,SF,323,1096,8,1.0,normal
17,icmp,ftp,SF,351,1392,8,1.0,normal
32,udp,ftp,SF,289,437,3,1.0,normal
19,tcp,http,SF,88,1120,5,1.0,normal
3,tcp,ssh,SF,358,1473,10,1.0,normal
722,tcp,http,REJ,20839,63435,222,0.1,neptune
11,udp,private,SF,62,918,1,1.0,normal
32,udp,private,SF,186,785,3,1.0,portsweep
4,udp,smtp,SF,571,1390,4,1.0,normal
7,tcp,ftp_data,SF,364,1275,4,1.0,normal
17,udp,other,SF,155,243,5,1.0,normal
1205,icmp,other,REJ,20577,67131,230,0.1,saint
14,tcp,ftp_data,SF,309,980,9,1.0,normal
1716,tcp,other,REJ,18543,46124,162,0.1,normal
15,udp,telnet,SF,261,1189,4,1.0,normal
1144,icmp,ftp,S0,42187,30795,171,0.1,normal
31,icmp,telnet,SF,320,353,1,1.0,normal
1923,udp,ftp_data,REJ,25141,74942,203,0.1,portsweep
10,icmp,ftp,SF,582,820,1,1.0,normal
26,tcp,private,SF,440,1471,1,1.0,neptune
1778,icmp,private,S0,15006,75991,214,0.1,saint
19,icmp,private,SF,558,269,4,1.0,normal
12,udp,telnet,SF,327,946,4,1.0,normal
21,tcp,smtp,SF,341,520,5,1.0,saint
8,icmp,private,SF,115,1428,1,1.0,normal
1509,tcp,ftp_data,S0,17040,62136,188,0.1,portsweep
22,tcp,smtp,SF,388,503,4,1.0,normal
19,icmp,ftp_data,SF,273,420,5,1.0,normal
1217,tcp,private,S0,14531,51285,187,0.1,mscan
35,icmp,http,SF,229,111,8,1.0,normal
24,icmp,smtp,SF,576,448,4,1.0,normal
1986,icmp,http,REJ,48750,79818,155,0.1,normal
2,tcp,other,SF,557,647,10,1.0,normal
37,tcp,ftp,SF,119,302,10,1.0,neptune
1294,tcp,private,S0,39838,55578,196,0.1,neptune
1997,tcp,ssh,S0,31298,45815,170,0.1,neptune
17,tcp,other,SF,512,1060,7,1.0,normal
21,tcp,ftp_data,SF,76,1271,9,1.0,normal
8,udp,ssh,SF,497,1198,6,1.0,normal
10,icmp,http,SF,332,592,9,1.0,normal
1953,tcp,ftp,REJ,11912,38064,247,0.1,neptune
28,udp,ssh,SF,447,355,1,1.0,normal
777,tcp,other,S0,45691,52619,150,0.1,saint
968,udp,ftp_data,REJ,11461,73750,174,0.1,saint
666,tcp,smtp,REJ,42970,66481,196,0.1,normal
838,udp,private,REJ,26187,50975,250,0.1,portsweep
1603,tcp,smtp,S0,29859,78437,176,0.1,neptune
12,tcp,ftp,SF,60,215,8,1.0,normal
1608,icmp,ssh,REJ,48035,58446,157,0.1,portsweep
15,icmp,http,SF,552,262,7,1.0,normal
0,icmp,http,SF,166,952,9,1.0,normal
10,tcp,ssh,SF,512,1468,1,1.0,normal
37,icmp,http,SF,379,299,1,1.0,normal
20,icmp,ftp_data,SF,479,1022,3,1.0,saint
8,icmp,private,SF,394,1349,2,1.0,normal
645,tcp,telnet,REJ,48541,33885,240,0.1,normal
1352,tcp,telnet,REJ,17549,39082,190,0.1,saint
4,udp,ssh,SF,533,1106,3,1.0,normal
33,tcp,ftp_data,SF,347,749,2,1.0,normal
31,icmp,other,SF,104,1242,4,1.0,normal
25,tcp,ftp_data,SF,153,518,4,1.0,normal
570,icmp,other,REJ,39182,58498,247,0.1,portsweep
23,udp,http,SF,318,481,1,1.0,normal
1849,icmp,smtp,S0,22944,25935,233,0.1,portsweep
1906,icmp,http,REJ,47104,36430,242,0.1,normal
1392,icmp,http,REJ,46939,75733,211,0.1,mscan
19,icmp,telnet,SF,90,850,5,1.0,normal
34,icmp,private,SF,362,242,6,1.0,normal
20,icmp,http,SF,461,1198,2,1.0,normal
6,udp,other,SF,150,812,5,1.0,normal
30,icmp,ssh,SF,169,569,10,1.0,normal
34,tcp,private,SF,253,894,10,1.0,normal
16,icmp,smtp,SF,392,142,7,1.0,normal
13,tcp,smtp,SF,171,1073,2,1.0,mscan
19,icmp,http,SF,448,483,2,1.0,normal
16,udp,ftp_data,SF,62,1045,4,1.0,normal
34,udp,ftp,SF,406,1090,5,1.0,normal
649,udp,ftp_data,S0,20499,50318,157,0.1,saint
16,udp,ssh,SF,88,1162,2,1.0,normal
19,icmp,telnet,SF,214,676,1,1.0,normal
1335,tcp,other,REJ,48625,21499,187,0.1,normal
1401,tcp,other,REJ,38491,53654,159,0.1,normal
882,tcp,ftp,REJ,13040,34212,154,0.1,mscan
34,tcp,other,SF,158,117,4,1.0,normal
20,icmp,ftp_data,SF,341,1022,3,1.0,normal
1392,icmp,ftp,S0,40808,46878,250,0.1,mscan
24,tcp,http,SF,416,155,5,1.0,normal
1059,icmp,smtp,REJ,11891,46411,152,0.1,normal
5,icmp,other,SF,548,851,2,1.0,normal
1519,udp,private,REJ,38375,74796,236,0.1,mscan
1826,tcp,telnet,S0,40115,45931,214,0.1,portsweep
1231,tcp,http,S0,21481,36891,249,0.1,saint
34,icmp,ssh,SF,493,351,6,1.0,normal
1248,tcp,ftp_data,REJ,18036,58826,169,0.1,mscan
23,tcp,ftp,SF,362,481,1,1.0,normal
18,udp,ssh,SF,181,996,6,1.0,normal
17,icmp,http,SF,555,1321,8,1.0,normal
11,udp,telnet,SF,398,584,10,1.0,normal
15,udp,http,SF,337,1287,4,1.0,normal
24,icmp,ftp_data,SF,438,1093,7,1.0,normal
0,tcp,ftp_data,SF,239,352,1,1.0,normal
9,icmp,telnet,SF,288,495,6,1.0,normal
34,udp,telnet,SF,528,1306,3,1.0,normal
20,udp,http,SF,516,209,5,1.0,normal
12,tcp,telnet,SF,116,137,9,1.0,normal
3,icmp,ssh,SF,214,1452,3,1.0,normal
1543,tcp,ftp_data,S0,35170,78404,171,0.1,saint
1786,udp,http,S0,29749,78783,195,0.1,normal
27,tcp,telnet,SF,342,1335,4,1.0,normal
